Product_id,Product_name,Price,Date_manufactured,Quantity_in_stock,Customer_FirstName,Customer_LastName,Customer_email,Order_id,Order_date,Quantity_Ordered
1,French Bread,2.87,7/23/2021,9,Tabina,Aldrin,taldrin0@mayoclinic.com,186,6/27/2021,6
2,Italian Bread,5.88,8/16/2021,5,Kendall,Wildbore,kwildbore1@linkedin.com,129,9/17/2021,9
3,Butter Croissants,1.18,2/12/2022,7,Brittan,Groarty,bgroarty2@arizona.edu,153,2/18/2022,5
4,Chocolate Croissants,14.49,10/11/2021,3,Alisander,Gumery,agumery3@bluehost.com,86,1/31/2022,4
5,Vanilla Pastry,12.62,1/8/2022,5,Parrnell,Carbett,pcarbett4@usnews.com,285,3/22/2022,5
6,Chocolate Pastry,10.25,1/30/2022,1,Dix,Kettow,dkettow5@indiegogo.com,282,5/19/2021,5
7,Tiramisu Pastry,7.79,6/11/2021,1,Elly,Woolaghan,ewoolaghan6@google.fr,406,7/21/2021,2
8,Strawberry Shortcake,7.93,11/19/2021,2,Cly,Hynam,chynam7@php.net,397,8/27/2021,6
9,Black Forest Cake,11.23,10/12/2021,9,Waldo,O'Quin,woquin8@dot.gov,282,12/28/2021,3
10,Chocolate Mocha Cake,9.08,7/16/2021,5,Melanie,Ockwell,mockwell9@jimdo.com,281,3/21/2022,10
11,Lemon Cake,6.03,3/10/2022,10,Delila,Laroze,dlarozea@house.gov,406,5/28/2021,7
12,French Bread,14.95,12/23/2021,4,Sharona,Simmank,ssimmankb@shop-pro.jp,273,2/2/2022,7
13,Italian Bread,3.43,6/3/2021,6,Carolann,Verillo,cverilloc@g.co,453,9/14/2021,4
14,Butter Croissants,12.35,6/26/2021,3,Marigold,Pfeifer,mpfeiferd@opera.com,468,7/11/2021,8
15,Chocolate Croissants,8.98,4/19/2022,1,Alison,Elfitt,aelfitte@un.org,46,5/21/2021,5
16,Vanilla Pastry,7.51,8/1/2021,2,Celka,Luby,clubyf@mashable.com,98,5/6/2021,8
17,Chocolate Pastry,11.73,5/5/2022,9,Issiah,Wainwright,iwainwrightg@exblog.jp,351,3/21/2022,3
18,Tiramisu Pastry,6.81,12/25/2021,8,Francis,Perrat,fperrath@sourceforge.net,470,8/16/2021,5
19,Strawberry Shortcake,13.61,12/16/2021,7,Verene,Oldrey,voldreyi@mapquest.com,296,6/13/2021,9
20,Black Forest Cake,3.23,1/25/2022,5,Ailey,Fairbard,afairbardj@github.com,58,4/13/2022,2
21,Chocolate Mocha Cake,7.77,12/26/2021,6,Danice,Parren,dparrenk@yahoo.com,83,9/10/2021,2
22,Lemon Cake,5.22,5/20/2021,9,Laurence,Clowton,lclowtonl@marriott.com,395,1/20/2022,4
23,French Bread,1.24,11/25/2021,3,Pauline,Rushworth,prushworthm@paypal.com,256,12/14/2021,4
24,Italian Bread,14.28,4/24/2022,4,Jarred,Di Boldi,jdiboldin@ox.ac.uk,363,10/17/2021,7
25,Butter Croissants,13,8/10/2021,4,Patrick,Nulty,pnultyo@ca.gov,172,3/12/2022,4
26,Chocolate Croissants,8.49,12/13/2021,1,Tudor,Edwicke,tedwickep@seesaa.net,451,3/20/2022,10
27,Vanilla Pastry,3.04,5/6/2021,7,Dacy,Trimme,dtrimmeq@sphinn.com,251,8/14/2021,2
28,Chocolate Pastry,8.79,11/27/2021,7,Leonora,Kubera,lkuberar@xinhuanet.com,476,10/5/2021,4
29,Tiramisu Pastry,13.91,3/2/2022,2,Genevieve,Tearney,gtearneys@ibm.com,334,2/8/2022,4
30,Strawberry Shortcake,9.99,2/9/2022,7,Eddy,Labbet,elabbett@ocn.ne.jp,250,3/18/2022,10
31,Black Forest Cake,14.14,1/19/2022,5,Salomo,Ledwich,sledwichu@cnet.com,134,7/13/2021,2
32,Chocolate Mocha Cake,10.66,7/8/2021,4,Oralee,O'Halloran,oohalloranv@opensource.org,289,9/1/2021,7
33,Lemon Cake,10,5/8/2021,4,Gabe,Cluckie,gcluckiew@flickr.com,134,1/9/2022,4
34,French Bread,8.35,12/23/2021,9,Cass,Bole,cbolex@digg.com,226,2/28/2022,4
35,Italian Bread,6.21,11/4/2021,5,Ellis,Bumpus,ebumpusy@topsy.com,104,12/5/2021,8
36,Butter Croissants,8.38,5/23/2021,5,Lyle,Battams,lbattamsz@seattletimes.com,418,1/27/2022,3
37,Chocolate Croissants,7.21,9/10/2021,6,Charmaine,Roglieri,croglieri10@fastcompany.com,140,1/5/2022,7
38,Vanilla Pastry,12.98,4/19/2022,7,Gretta,Gare,ggare11@weibo.com,449,6/6/2021,10
39,Chocolate Pastry,10.58,12/6/2021,9,Gabby,Rablin,grablin12@devhub.com,170,1/9/2022,10
40,Tiramisu Pastry,4.41,8/17/2021,4,Harrison,Brideau,hbrideau13@soup.io,197,1/11/2022,8
41,Strawberry Shortcake,10.84,1/21/2022,8,Kimble,Yerby,kyerby14@goodreads.com,478,7/7/2021,1
42,Black Forest Cake,13.23,9/4/2021,7,Brose,Hulland,bhulland15@meetup.com,373,5/5/2022,6
43,Chocolate Mocha Cake,5.21,12/13/2021,7,Grethel,Drakes,gdrakes16@sakura.ne.jp,337,12/25/2021,8
44,Lemon Cake,2.56,2/26/2022,10,Elisabeth,Cator,ecator17@hexun.com,276,11/18/2021,2
45,French Bread,10.73,3/3/2022,8,Orel,Tomblings,otomblings18@prweb.com,410,8/14/2021,3
46,Italian Bread,11.15,5/19/2021,2,Mora,Alcide,malcide19@prnewswire.com,446,5/24/2021,6
47,Butter Croissants,12.81,2/18/2022,7,Wilfred,Gwynn,wgwynn1a@utexas.edu,154,3/30/2022,5
48,Chocolate Croissants,13.83,11/28/2021,9,Angil,MacGowan,amacgowan1b@networkadvertising.org,91,12/3/2021,5
49,Vanilla Pastry,4.27,5/13/2022,2,Ade,Ishaki,aishaki1c@gov.uk,330,4/8/2022,9
50,Chocolate Pastry,2.22,1/19/2022,7,Susan,Edgler,sedgler1d@furl.net,408,3/1/2022,8
51,Tiramisu Pastry,1,1/23/2022,2,Callean,Scherme,cscherme1e@prlog.org,54,5/6/2021,7
52,Strawberry Shortcake,8.6,11/30/2021,10,Didi,McVicar,dmcvicar1f@reddit.com,324,1/12/2022,9
53,Black Forest Cake,13.18,11/15/2021,3,Enos,Foyle,efoyle1g@wikipedia.org,201,2/18/2022,6
54,Chocolate Mocha Cake,11.72,9/18/2021,3,Bellina,Minihan,bminihan1h@nytimes.com,14,12/3/2021,3
55,Lemon Cake,13.37,5/7/2022,9,Lavinia,Perkis,lperkis1i@nytimes.com,436,12/26/2021,9
56,French Bread,7.3,5/9/2021,7,Wenonah,Grant,wgrant1j@people.com.cn,140,1/30/2022,8
57,Italian Bread,14.6,7/13/2021,10,Ailina,Warden,awarden1k@jiathis.com,59,8/31/2021,2
58,Butter Croissants,8.35,11/7/2021,5,Fanya,Sea,fsea1l@patch.com,137,5/11/2021,2
59,Chocolate Croissants,12.1,1/25/2022,1,Joan,Barkaway,jbarkaway1m@java.com,436,6/20/2021,1
60,Vanilla Pastry,14.38,2/28/2022,5,Bert,Bunting,bbunting1n@pcworld.com,236,2/16/2022,5
61,Chocolate Pastry,11.12,2/5/2022,1,Kellsie,Reace,kreace1o@mashable.com,363,4/14/2022,5
62,Tiramisu Pastry,8.97,5/13/2021,2,Eveleen,Mathie,emathie1p@washington.edu,253,5/17/2021,9
63,Strawberry Shortcake,6.02,6/18/2021,4,Bevon,Zorzutti,bzorzutti1q@alexa.com,365,10/1/2021,10
64,Black Forest Cake,11.48,5/20/2021,3,Rosemaria,Padefield,rpadefield1r@slideshare.net,268,1/8/2022,9
65,Chocolate Mocha Cake,6.91,6/18/2021,1,Paulie,Gemmell,pgemmell1s@princeton.edu,178,5/2/2022,9
66,Lemon Cake,3.15,9/25/2021,5,Laureen,Life,llife1t@oakley.com,303,4/27/2022,4
67,French Bread,13.75,10/19/2021,1,Janos,Dorken,jdorken1u@disqus.com,154,5/5/2022,10
68,Italian Bread,11.24,6/20/2021,3,Gerrilee,Mansuer,gmansuer1v@vk.com,287,2/24/2022,5
69,Butter Croissants,8.28,3/16/2022,5,Leopold,Hounson,lhounson1w@biglobe.ne.jp,226,11/28/2021,7
70,Chocolate Croissants,5.51,12/30/2021,9,Davide,Conochie,dconochie1x@furl.net,196,9/1/2021,7
71,Vanilla Pastry,13.01,5/10/2021,1,Kizzie,MacCaull,kmaccaull1y@sphinn.com,278,10/23/2021,8
72,Chocolate Pastry,9.47,9/13/2021,3,Eugenie,Morit,emorit1z@mediafire.com,153,8/7/2021,5
73,Tiramisu Pastry,2.79,4/3/2022,3,Izabel,Lacroutz,ilacroutz20@fastcompany.com,376,3/14/2022,8
74,Strawberry Shortcake,12.76,5/23/2021,3,Wyndham,Cockshtt,wcockshtt21@blogspot.com,353,12/24/2021,8
75,Black Forest Cake,1.81,9/20/2021,6,Ingeborg,Pettiford,ipettiford22@alibaba.com,345,12/18/2021,10
76,Chocolate Mocha Cake,13.15,5/4/2021,5,Piggy,Dumbrill,pdumbrill23@jiathis.com,196,5/7/2021,3
77,Lemon Cake,3.66,3/22/2022,4,Hunter,Warburton,hwarburton24@123-reg.co.uk,242,9/15/2021,6
78,French Bread,5.53,5/12/2021,4,Pail,Steagall,psteagall25@intel.com,370,8/19/2021,8
79,Italian Bread,13.01,2/19/2022,8,Jacklyn,Milligan,jmilligan26@globo.com,12,1/5/2022,6
80,Butter Croissants,9.38,12/17/2021,8,Brig,Cleve,bcleve27@wordpress.org,390,6/1/2021,7
81,Chocolate Croissants,11.91,7/16/2021,2,Joey,Poxon,jpoxon28@examiner.com,138,3/3/2022,7
82,Vanilla Pastry,1.97,9/24/2021,10,Mel,Costall,mcostall29@google.com,167,12/23/2021,7
83,Chocolate Pastry,13.73,5/10/2021,9,Ludwig,Skarman,lskarman2a@yahoo.co.jp,110,3/13/2022,8
84,Tiramisu Pastry,5.61,1/21/2022,7,Vitia,Boughtwood,vboughtwood2b@sourceforge.net,487,8/20/2021,5
85,Strawberry Shortcake,6.71,4/1/2022,9,Elwira,Fairest,efairest2c@yellowpages.com,74,5/23/2021,10
86,Black Forest Cake,5.23,5/2/2022,1,Stanislaw,Covington,scovington2d@google.ca,214,7/26/2021,10
87,Chocolate Mocha Cake,12.22,11/12/2021,10,Dwayne,Raylton,draylton2e@usnews.com,410,1/15/2022,1
88,Lemon Cake,12.77,3/10/2022,6,Candi,Leggon,cleggon2f@statcounter.com,178,10/26/2021,1
89,French Bread,1.5,11/14/2021,5,Joshia,Longhorne,jlonghorne2g@people.com.cn,43,3/29/2022,10
90,Italian Bread,5.18,5/9/2021,7,Damita,Unwins,dunwins2h@1und1.de,248,4/11/2022,7
91,Butter Croissants,7.77,6/17/2021,9,Sullivan,Anstiss,sanstiss2i@pagesperso-orange.fr,188,10/23/2021,6
92,Chocolate Croissants,6.05,12/22/2021,3,Jeramey,Grimditch,jgrimditch2j@networksolutions.com,200,2/19/2022,6
93,Vanilla Pastry,5.63,6/5/2021,3,Millicent,Brittlebank,mbrittlebank2k@reference.com,457,3/17/2022,1
94,Chocolate Pastry,4.05,5/7/2022,1,Elvina,Cheshire,echeshire2l@artisteer.com,262,10/6/2021,7
95,Tiramisu Pastry,7.52,7/28/2021,1,Enrica,Dowker,edowker2m@miibeian.gov.cn,463,8/24/2021,7
96,Strawberry Shortcake,9.55,1/14/2022,5,Laney,Wealthall,lwealthall2n@forbes.com,190,4/15/2022,8
97,Black Forest Cake,5.54,5/17/2021,5,Alvinia,Scotts,ascotts2o@rediff.com,353,7/12/2021,5
98,Chocolate Mocha Cake,11.23,4/23/2022,10,Brita,O'Gavin,bogavin2p@wordpress.com,355,2/20/2022,6
99,Lemon Cake,2.23,3/5/2022,3,Zolly,Spawton,zspawton2q@craigslist.org,87,3/27/2022,8
100,French Bread,4.95,5/12/2022,5,Townsend,Hammon,thammon2r@stanford.edu,68,12/21/2021,7
101,Italian Bread,3.14,6/22/2021,1,Bald,Clerke,bclerke2s@so-net.ne.jp,278,12/21/2021,6
102,Butter Croissants,12.88,9/21/2021,6,Caria,Elcome,celcome2t@hud.gov,461,11/25/2021,8
103,Chocolate Croissants,14.29,7/9/2021,2,Laurie,Neads,lneads2u@phoca.cz,291,1/25/2022,8
104,Vanilla Pastry,12.92,8/30/2021,9,Morie,Critoph,mcritoph2v@uiuc.edu,178,6/17/2021,3
105,Chocolate Pastry,10.15,2/27/2022,9,Leland,Robilliard,lrobilliard2w@people.com.cn,357,3/13/2022,2
106,Tiramisu Pastry,13.59,11/24/2021,9,Gerhardine,Plowright,gplowright2x@hostgator.com,64,4/6/2022,1
107,Strawberry Shortcake,8.55,4/24/2022,3,Eloise,Shimmings,eshimmings2y@slashdot.org,433,10/3/2021,9
108,Black Forest Cake,12.54,11/28/2021,8,Morlee,Rodden,mrodden2z@behance.net,463,7/2/2021,2
109,Chocolate Mocha Cake,6.07,2/3/2022,3,Reece,Habberjam,rhabberjam30@furl.net,5,1/28/2022,5
110,Lemon Cake,1.87,9/26/2021,3,Grannie,Grinnov,ggrinnov31@mashable.com,427,1/16/2022,9
111,French Bread,6.83,8/31/2021,2,Winny,Clute,wclute32@dmoz.org,404,12/11/2021,4
112,Italian Bread,3.33,10/21/2021,7,Marlo,Linklater,mlinklater33@icio.us,32,4/27/2022,6
113,Butter Croissants,14.63,5/29/2021,6,Sarette,Ibeson,sibeson34@slate.com,114,10/20/2021,7
114,Chocolate Croissants,4.29,5/24/2021,4,Caresse,Britian,cbritian35@ted.com,347,6/26/2021,10
115,Vanilla Pastry,13.99,12/23/2021,7,Mikkel,Dominelli,mdominelli36@springer.com,303,1/22/2022,9
116,Chocolate Pastry,1.81,3/22/2022,4,Warden,Basketter,wbasketter37@state.tx.us,303,2/7/2022,4
117,Tiramisu Pastry,13.14,7/29/2021,7,Estrellita,Cockshutt,ecockshutt38@rediff.com,486,9/22/2021,6
118,Strawberry Shortcake,13.07,3/13/2022,3,Shelli,Janeczek,sjaneczek39@google.com.au,198,12/6/2021,5
119,Black Forest Cake,14.47,12/4/2021,4,Marlane,Adcocks,madcocks3a@nasa.gov,2,3/18/2022,3
120,Chocolate Mocha Cake,12.44,5/26/2021,8,Brett,Tracy,btracy3b@edublogs.org,115,5/4/2022,10
121,Lemon Cake,9.33,3/11/2022,8,Reggie,Channon,rchannon3c@army.mil,190,1/15/2022,6
122,French Bread,8.81,2/5/2022,2,Elly,Bescoby,ebescoby3d@google.co.jp,1,5/21/2021,1
123,Italian Bread,1.6,3/7/2022,5,Ranee,Itzkovwitch,ritzkovwitch3e@oracle.com,169,4/15/2022,4
124,Butter Croissants,5.87,6/4/2021,4,Allis,McAulay,amcaulay3f@meetup.com,306,11/8/2021,7
125,Chocolate Croissants,6.16,3/15/2022,2,Eddie,Cromar,ecromar3g@webs.com,496,2/28/2022,7
126,Vanilla Pastry,5.75,8/5/2021,4,Taber,Panswick,tpanswick3h@linkedin.com,405,7/18/2021,7
127,Chocolate Pastry,5.92,8/26/2021,7,Amalea,Keune,akeune3i@icio.us,345,1/31/2022,7
128,Tiramisu Pastry,3.02,10/5/2021,2,Stu,Orpin,sorpin3j@geocities.com,70,4/4/2022,6
129,Strawberry Shortcake,3.92,6/22/2021,10,Rey,Fishbie,rfishbie3k@china.com.cn,427,4/15/2022,7
130,Black Forest Cake,1.26,10/22/2021,6,Egan,Spottiswoode,espottiswoode3l@time.com,463,7/9/2021,5
131,Chocolate Mocha Cake,4.56,7/19/2021,7,Gannie,Thickin,gthickin3m@sina.com.cn,132,9/16/2021,5
132,Lemon Cake,10.67,7/19/2021,10,Kalila,McKeown,kmckeown3n@myspace.com,125,11/22/2021,4
133,French Bread,11.84,12/31/2021,3,Rene,Schutze,rschutze3o@vimeo.com,391,1/30/2022,6
134,Italian Bread,12.55,10/10/2021,6,Cristabel,Crichley,ccrichley3p@blogtalkradio.com,110,9/18/2021,6
135,Butter Croissants,2.57,11/22/2021,9,Floria,Cuttelar,fcuttelar3q@economist.com,150,4/9/2022,6
136,Chocolate Croissants,12.13,3/26/2022,9,Glynnis,Crewe,gcrewe3r@cnet.com,351,7/30/2021,8
137,Vanilla Pastry,9.14,8/14/2021,10,Simon,Spandley,sspandley3s@cnbc.com,381,4/20/2022,8
138,Chocolate Pastry,11.31,10/19/2021,4,Lars,Bleacher,lbleacher3t@sina.com.cn,119,10/25/2021,3
139,Tiramisu Pastry,13.64,7/2/2021,6,Howie,Devote,hdevote3u@oracle.com,494,7/21/2021,1
140,Strawberry Shortcake,13.19,9/13/2021,9,Darda,Wile,dwile3v@japanpost.jp,346,12/1/2021,2
141,Black Forest Cake,13.62,3/13/2022,9,Dermot,Lujan,dlujan3w@i2i.jp,180,5/27/2021,1
142,Chocolate Mocha Cake,9.58,4/6/2022,3,Vince,Abilowitz,vabilowitz3x@sciencedaily.com,436,11/24/2021,1
143,Lemon Cake,3.72,12/11/2021,8,Suzanne,Simony,ssimony3y@creativecommons.org,52,10/3/2021,3
144,French Bread,2.05,6/18/2021,2,Luciano,Reimers,lreimers3z@aboutads.info,233,9/2/2021,7
145,Italian Bread,6.79,2/23/2022,9,Viva,Craddy,vcraddy40@jalbum.net,62,2/24/2022,6
146,Butter Croissants,6.75,7/27/2021,3,Adams,Tschiersch,atschiersch41@lycos.com,234,12/5/2021,3
147,Chocolate Croissants,10.2,12/16/2021,3,Kristofor,Stredder,kstredder42@freewebs.com,310,5/14/2021,9
148,Vanilla Pastry,14.49,9/23/2021,3,Anderea,Hattam,ahattam43@homestead.com,387,1/9/2022,7
149,Chocolate Pastry,3.85,6/8/2021,10,Slade,Lackington,slackington44@ustream.tv,125,1/14/2022,4
150,Tiramisu Pastry,2.6,7/30/2021,9,Brynne,Alps,balps45@goo.ne.jp,336,10/28/2021,3
151,Strawberry Shortcake,4.54,2/23/2022,6,Osbert,Bucher,obucher46@usda.gov,179,11/4/2021,7
152,Black Forest Cake,6.23,10/17/2021,5,Milzie,Rulton,mrulton47@who.int,173,8/16/2021,4
153,Chocolate Mocha Cake,7.05,6/5/2021,10,Torre,Carsberg,tcarsberg48@dyndns.org,194,12/3/2021,1
154,Lemon Cake,13.11,12/18/2021,4,Anthony,Trimme,atrimme49@typepad.com,117,12/15/2021,4
155,French Bread,8.38,10/29/2021,2,Marlin,Klagges,mklagges4a@free.fr,131,6/11/2021,7
156,Italian Bread,8.83,12/5/2021,7,Niven,Eade,neade4b@homestead.com,6,11/2/2021,2
157,Butter Croissants,9.72,3/7/2022,5,Kele,Volant,kvolant4c@comcast.net,103,8/11/2021,9
158,Chocolate Croissants,7.53,3/4/2022,1,Aurelia,MacKimm,amackimm4d@unblog.fr,419,10/11/2021,1
159,Vanilla Pastry,8.84,4/7/2022,9,Kingston,Collelton,kcollelton4e@g.co,32,6/1/2021,6
160,Chocolate Pastry,14.51,10/3/2021,10,Cathlene,Canedo,ccanedo4f@google.fr,126,8/14/2021,3
161,Tiramisu Pastry,2.16,11/5/2021,6,Yule,Woofendell,ywoofendell4g@wikipedia.org,498,5/23/2021,4
162,Strawberry Shortcake,1.15,4/3/2022,1,Seline,Brealey,sbrealey4h@biglobe.ne.jp,375,6/12/2021,10
163,Black Forest Cake,7.43,10/26/2021,8,Ada,Wooler,awooler4i@alibaba.com,318,7/14/2021,5
164,Chocolate Mocha Cake,14.66,12/10/2021,6,Gerome,Burdell,gburdell4j@latimes.com,465,2/16/2022,2
165,Lemon Cake,1.05,10/23/2021,9,Pavla,Bearsmore,pbearsmore4k@hugedomains.com,382,10/13/2021,8
166,French Bread,14.05,2/18/2022,6,Josy,Adamovicz,jadamovicz4l@bloglovin.com,151,4/19/2022,5
167,Italian Bread,11.24,9/12/2021,8,Bruno,Hall,bhall4m@webs.com,394,2/2/2022,5
168,Butter Croissants,1.39,8/25/2021,1,Moll,Lampett,mlampett4n@ameblo.jp,113,2/12/2022,4
169,Chocolate Croissants,4.42,1/13/2022,5,Gianina,Bootyman,gbootyman4o@sun.com,205,1/5/2022,2
170,Vanilla Pastry,11.35,10/9/2021,8,Travis,Rother,trother4p@mayoclinic.com,95,8/30/2021,7
171,Chocolate Pastry,12.88,12/23/2021,10,Lynelle,Hammerich,lhammerich4q@boston.com,451,5/28/2021,3
172,Tiramisu Pastry,1.23,8/5/2021,10,Kelsy,Baker,kbaker4r@mayoclinic.com,363,9/4/2021,7
173,Strawberry Shortcake,7.49,3/21/2022,10,Rockie,Derham,rderham4s@ehow.com,200,6/11/2021,4
174,Black Forest Cake,2.4,2/6/2022,9,Ophelie,Ciric,ociric4t@berkeley.edu,88,2/23/2022,2
175,Chocolate Mocha Cake,2.24,5/4/2022,8,Lannie,Favel,lfavel4u@stanford.edu,336,1/14/2022,3
176,Lemon Cake,9.09,5/22/2021,5,Gayler,Gallgher,ggallgher4v@bloglines.com,46,4/7/2022,8
177,French Bread,8.7,9/16/2021,4,Cindee,Tudhope,ctudhope4w@dailymail.co.uk,231,11/25/2021,4
178,Italian Bread,1.96,3/19/2022,3,Pauletta,McAvaddy,pmcavaddy4x@wisc.edu,11,3/2/2022,8
179,Butter Croissants,6.69,3/18/2022,4,Cati,Massimi,cmassimi4y@ucoz.com,55,7/22/2021,6
180,Chocolate Croissants,4.54,1/25/2022,1,Suzie,Goodbody,sgoodbody4z@google.com,223,9/24/2021,8
181,Vanilla Pastry,11.06,7/3/2021,9,Gayler,Hender,ghender50@umn.edu,224,8/20/2021,4
182,Chocolate Pastry,6.95,3/5/2022,4,Carmita,Ashwood,cashwood51@un.org,481,2/12/2022,3
183,Tiramisu Pastry,12.82,8/29/2021,3,Gabrielle,Sirr,gsirr52@51.la,180,2/11/2022,6
184,Strawberry Shortcake,14.03,10/23/2021,5,Corrie,Lenden,clenden53@yolasite.com,147,12/7/2021,10
185,Black Forest Cake,14.39,2/3/2022,7,Avivah,Learmonth,alearmonth54@deliciousdays.com,6,3/2/2022,6
186,Chocolate Mocha Cake,2.46,10/4/2021,2,Parry,Corns,pcorns55@harvard.edu,95,2/4/2022,9
187,Lemon Cake,14.51,12/21/2021,2,Aurelia,Rentz,arentz56@addtoany.com,138,1/9/2022,10
188,French Bread,10.04,2/25/2022,8,Meridith,Lippiett,mlippiett57@ocn.ne.jp,262,2/8/2022,9
189,Italian Bread,8.63,2/26/2022,6,Halsy,Lanfranconi,hlanfranconi58@1und1.de,63,3/13/2022,1
190,Butter Croissants,10,5/30/2021,4,Jamesy,Rodgier,jrodgier59@opera.com,312,9/26/2021,9
191,Chocolate Croissants,9.97,6/14/2021,10,Camellia,Brisse,cbrisse5a@yelp.com,462,4/18/2022,3
192,Vanilla Pastry,11.63,9/13/2021,8,Adelaida,Kenchington,akenchington5b@rambler.ru,206,12/21/2021,9
193,Chocolate Pastry,12.19,2/4/2022,1,Janeva,Geere,jgeere5c@fastcompany.com,185,9/11/2021,10
194,Tiramisu Pastry,1.61,2/1/2022,4,Uriel,Druett,udruett5d@seesaa.net,313,3/12/2022,5
195,Strawberry Shortcake,4.95,10/7/2021,5,Cynthea,Thunders,cthunders5e@live.com,447,7/24/2021,6
196,Black Forest Cake,2.64,10/15/2021,7,Willem,Borth,wborth5f@nih.gov,72,5/2/2022,5
197,Chocolate Mocha Cake,8.27,2/12/2022,6,Eda,Bennett,ebennett5g@admin.ch,255,1/19/2022,1
198,Lemon Cake,12.81,7/10/2021,2,Caro,Shouler,cshouler5h@nationalgeographic.com,307,3/1/2022,3
199,French Bread,13.71,6/1/2021,3,Vanessa,Gounot,vgounot5i@mashable.com,116,12/6/2021,8
200,Italian Bread,1.28,3/7/2022,10,Karilynn,Sherrell,ksherrell5j@cnbc.com,202,12/8/2021,9
201,Butter Croissants,10.1,2/18/2022,9,Bourke,Quinn,bquinn5k@yellowpages.com,176,3/22/2022,7
202,Chocolate Croissants,2.29,8/29/2021,1,Jard,Finding,jfinding5l@prweb.com,450,1/8/2022,1
203,Vanilla Pastry,10.46,1/28/2022,8,Rowena,Sunock,rsunock5m@example.com,351,5/14/2021,9
204,Chocolate Pastry,12.43,7/21/2021,1,Lyda,Forde,lforde5n@skype.com,366,7/4/2021,5
205,Tiramisu Pastry,5.68,4/13/2022,7,Guido,Rait,grait5o@xrea.com,62,2/7/2022,5
206,Strawberry Shortcake,14.1,5/10/2021,2,Editha,Ruberti,eruberti5p@ow.ly,496,10/28/2021,1
207,Black Forest Cake,7.41,10/1/2021,10,Devlen,Stockney,dstockney5q@noaa.gov,310,11/4/2021,9
208,Chocolate Mocha Cake,4.13,11/21/2021,4,Malynda,Nisen,mnisen5r@boston.com,376,8/21/2021,9
209,Lemon Cake,7.56,10/14/2021,2,Savina,Caren,scaren5s@nature.com,80,5/26/2021,10
210,French Bread,13.3,7/31/2021,10,Gualterio,Jearum,gjearum5t@wufoo.com,76,8/2/2021,8
211,Italian Bread,5.5,2/16/2022,4,Ruthann,Colpus,rcolpus5u@nature.com,215,11/18/2021,2
212,Butter Croissants,11.5,7/4/2021,10,Nils,Spurge,nspurge5v@wunderground.com,430,4/10/2022,1
213,Chocolate Croissants,10.7,5/19/2021,8,Jareb,Belfit,jbelfit5w@google.nl,396,2/10/2022,1
214,Vanilla Pastry,4.93,10/16/2021,6,Brigitta,Tipperton,btipperton5x@google.com.hk,309,12/23/2021,6
215,Chocolate Pastry,4.7,5/30/2021,8,Janot,Cleyne,jcleyne5y@cafepress.com,263,9/8/2021,9
216,Tiramisu Pastry,8.7,1/16/2022,2,Fancy,Colton,fcolton5z@cisco.com,376,9/22/2021,5
217,Strawberry Shortcake,12.25,3/12/2022,5,Violette,Antat,vantat60@paypal.com,179,4/27/2022,5
218,Black Forest Cake,7.5,10/30/2021,5,Starlin,Poschel,sposchel61@harvard.edu,205,5/17/2021,5
219,Chocolate Mocha Cake,4.9,8/27/2021,9,Banky,Phear,bphear62@pinterest.com,333,4/23/2022,10
220,Lemon Cake,3.42,9/2/2021,9,Melba,Bilsford,mbilsford63@delicious.com,80,9/1/2021,7
221,French Bread,7.49,9/21/2021,6,Talya,Gleeson,tgleeson64@reddit.com,308,12/8/2021,8
222,Italian Bread,12.49,3/11/2022,6,Goran,Scouler,gscouler65@sitemeter.com,79,11/6/2021,6
223,Butter Croissants,3.03,5/11/2022,4,Cassondra,Brou,cbrou66@google.com.hk,412,3/29/2022,8
224,Chocolate Croissants,12.72,12/31/2021,10,Urbano,Cammacke,ucammacke67@purevolume.com,193,11/6/2021,7
225,Vanilla Pastry,9.35,4/27/2022,3,Jacquelynn,Cohrs,jcohrs68@columbia.edu,437,6/14/2021,7
226,Chocolate Pastry,1.56,1/11/2022,1,Lynnet,Patel,lpatel69@si.edu,66,7/20/2021,6
227,Tiramisu Pastry,12.83,6/14/2021,10,Roosevelt,Leedes,rleedes6a@telegraph.co.uk,105,5/3/2021,2
228,Strawberry Shortcake,14.3,10/22/2021,6,Leonidas,Angric,langric6b@soup.io,358,7/15/2021,4
229,Black Forest Cake,7.3,3/1/2022,10,Abe,Willoughby,awilloughby6c@tiny.cc,367,4/25/2022,9
230,Chocolate Mocha Cake,13.62,9/11/2021,9,Delano,Rubbens,drubbens6d@cnet.com,266,5/7/2022,6
231,Lemon Cake,7.81,6/2/2021,5,Allx,Finey,afiney6e@wiley.com,445,9/15/2021,10
232,French Bread,13.83,11/6/2021,1,Bradley,Johnston,bjohnston6f@fc2.com,216,1/30/2022,10
233,Italian Bread,7.45,4/16/2022,6,Cheston,Jurek,cjurek6g@berkeley.edu,307,8/12/2021,2
234,Butter Croissants,1.66,11/16/2021,6,Wait,Rosengart,wrosengart6h@pinterest.com,368,6/18/2021,1
235,Chocolate Croissants,11.31,9/2/2021,10,Shalne,Larimer,slarimer6i@unicef.org,149,4/29/2022,2
236,Vanilla Pastry,12.71,8/9/2021,10,Opal,Peizer,opeizer6j@soundcloud.com,187,2/1/2022,10
237,Chocolate Pastry,3.29,12/1/2021,5,Redford,Hedingham,rhedingham6k@typepad.com,313,10/15/2021,8
238,Tiramisu Pastry,1.71,5/4/2022,9,Sarine,Woodham,swoodham6l@123-reg.co.uk,235,3/1/2022,3
239,Strawberry Shortcake,10.17,12/8/2021,2,Estrellita,Meneyer,emeneyer6m@seattletimes.com,61,11/2/2021,9
240,Black Forest Cake,1.83,6/7/2021,1,Xerxes,Bithany,xbithany6n@google.nl,57,9/4/2021,5
241,Chocolate Mocha Cake,9.21,12/10/2021,10,May,Tiery,mtiery6o@flavors.me,341,1/29/2022,6
242,Lemon Cake,10.2,5/21/2021,3,Nicholas,Strognell,nstrognell6p@newyorker.com,463,5/7/2021,1
243,French Bread,9.78,1/31/2022,7,Charlot,Tulk,ctulk6q@usa.gov,321,9/20/2021,4
244,Italian Bread,12.73,1/5/2022,8,Stacey,McGarrity,smcgarrity6r@usgs.gov,56,1/28/2022,9
245,Butter Croissants,7.32,4/15/2022,4,Lewie,Chastelain,lchastelain6s@blog.com,431,5/27/2021,9
246,Chocolate Croissants,5.3,2/20/2022,2,Shelly,Early,searly6t@pbs.org,50,6/11/2021,8
247,Vanilla Pastry,5.17,12/23/2021,6,Kahaleel,Youle,kyoule6u@soundcloud.com,198,3/13/2022,4
248,Chocolate Pastry,2.56,3/15/2022,2,Roze,Youens,ryouens6v@microsoft.com,147,11/19/2021,9
249,Tiramisu Pastry,8.07,3/24/2022,9,Dirk,Bertelsen,dbertelsen6w@sciencedirect.com,372,1/18/2022,7
250,Strawberry Shortcake,3.95,10/5/2021,1,Farly,Terren,fterren6x@baidu.com,492,4/20/2022,3
251,Black Forest Cake,6.31,9/11/2021,4,Quinta,Reddings,qreddings6y@live.com,322,10/6/2021,4
252,Chocolate Mocha Cake,8.3,1/7/2022,1,Henrik,Petrollo,hpetrollo6z@tripadvisor.com,334,5/12/2021,8
253,Lemon Cake,14.53,11/8/2021,10,Giovanna,Aronovich,garonovich70@quantcast.com,209,11/27/2021,6
254,French Bread,8.46,12/31/2021,9,Phillis,Iapico,piapico71@diigo.com,124,2/16/2022,9
255,Italian Bread,12.37,5/5/2022,2,Marti,Rocks,mrocks72@google.co.uk,39,7/5/2021,4
256,Butter Croissants,7.16,1/11/2022,1,Tony,Georgievski,tgeorgievski73@ftc.gov,68,4/29/2022,4
257,Chocolate Croissants,1.84,2/7/2022,2,Tuckie,Rodgers,trodgers74@github.io,138,1/28/2022,10
258,Vanilla Pastry,10.42,3/8/2022,8,Daron,Pawfoot,dpawfoot75@google.pl,369,11/7/2021,7
259,Chocolate Pastry,9.49,8/7/2021,10,Wilie,Ferraro,wferraro76@clickbank.net,297,1/14/2022,9
260,Tiramisu Pastry,13.43,5/18/2021,5,Katinka,Island,kisland77@cargocollective.com,474,5/1/2022,1
261,Strawberry Shortcake,5.02,3/17/2022,4,Kylie,Berthelmot,kberthelmot78@cornell.edu,132,1/22/2022,10
262,Black Forest Cake,12.25,5/25/2021,2,Omar,Mickelwright,omickelwright79@rediff.com,240,9/28/2021,5
263,Chocolate Mocha Cake,13.75,8/17/2021,6,Else,Oakwell,eoakwell7a@princeton.edu,334,8/7/2021,9
264,Lemon Cake,4.32,11/14/2021,5,Cathy,Wanley,cwanley7b@ihg.com,383,5/24/2021,2
265,French Bread,5.95,6/19/2021,4,Gaspar,Cassimer,gcassimer7c@blogger.com,488,1/1/2022,10
266,Italian Bread,14.67,9/26/2021,7,Cele,Mullen,cmullen7d@cdbaby.com,497,5/28/2021,3
267,Butter Croissants,12.07,12/22/2021,6,Gray,Edgerton,gedgerton7e@skype.com,199,4/29/2022,6
268,Chocolate Croissants,14.65,10/13/2021,4,Margot,Eymer,meymer7f@arstechnica.com,58,5/18/2021,7
269,Vanilla Pastry,8.56,4/25/2022,2,Bay,Austing,bausting7g@nationalgeographic.com,481,9/13/2021,6
270,Chocolate Pastry,4.87,3/31/2022,4,Onofredo,Eakens,oeakens7h@pen.io,452,11/3/2021,1
271,Tiramisu Pastry,9.13,2/3/2022,6,Constantine,Orton,corton7i@usa.gov,252,4/11/2022,5
272,Strawberry Shortcake,2.54,4/13/2022,5,Clary,Beek,cbeek7j@scientificamerican.com,496,8/30/2021,5
273,Black Forest Cake,3.16,2/12/2022,1,Kylila,Fears,kfears7k@virginia.edu,92,6/11/2021,8
274,Chocolate Mocha Cake,2.84,2/10/2022,10,Lynelle,Elks,lelks7l@sourceforge.net,452,7/4/2021,4
275,Lemon Cake,9.2,10/27/2021,10,Valentijn,Ruffell,vruffell7m@tiny.cc,281,11/30/2021,2
276,French Bread,3.33,5/24/2021,8,Erl,Van Saltsberg,evansaltsberg7n@examiner.com,227,6/27/2021,7
277,Italian Bread,1.94,2/3/2022,1,Ange,Stringman,astringman7o@vistaprint.com,150,6/12/2021,1
278,Butter Croissants,5.88,1/1/2022,1,Sayre,Liddel,sliddel7p@economist.com,305,5/20/2021,2
279,Chocolate Croissants,7.58,1/14/2022,9,Salaidh,Ridsdale,sridsdale7q@telegraph.co.uk,485,3/8/2022,2
280,Vanilla Pastry,7.34,12/2/2021,9,Halsy,McKern,hmckern7r@prnewswire.com,48,10/22/2021,10
281,Chocolate Pastry,11.64,8/8/2021,4,Julietta,Banaszkiewicz,jbanaszkiewicz7s@oaic.gov.au,240,1/13/2022,5
282,Tiramisu Pastry,14.59,10/14/2021,3,Mathew,Ridsdale,mridsdale7t@google.com.hk,47,9/20/2021,8
283,Strawberry Shortcake,10.34,12/13/2021,9,Stillman,Sudran,ssudran7u@ow.ly,319,10/28/2021,4
284,Black Forest Cake,8.64,3/20/2022,6,Theresita,Norewood,tnorewood7v@examiner.com,70,6/13/2021,10
285,Chocolate Mocha Cake,11.9,4/21/2022,6,Lock,Anthon,lanthon7w@php.net,138,9/9/2021,7
286,Lemon Cake,10.29,10/2/2021,5,Alasteir,Grabert,agrabert7x@cornell.edu,37,12/2/2021,4
287,French Bread,9.7,1/3/2022,5,Hilary,Pedron,hpedron7y@csmonitor.com,180,12/15/2021,4
288,Italian Bread,5.17,4/7/2022,3,Lou,Crannage,lcrannage7z@is.gd,208,2/4/2022,1
289,Butter Croissants,10.48,10/25/2021,7,Petronille,Iggalden,piggalden80@cnbc.com,442,9/8/2021,1
290,Chocolate Croissants,6.41,6/26/2021,3,Brandi,Rennocks,brennocks81@vkontakte.ru,178,3/5/2022,1
291,Vanilla Pastry,8.48,1/4/2022,5,Eleanora,Limmer,elimmer82@springer.com,266,4/27/2022,5
292,Chocolate Pastry,5.08,2/26/2022,3,Dal,Greenstock,dgreenstock83@shop-pro.jp,431,1/11/2022,8
293,Tiramisu Pastry,3.53,3/21/2022,1,Lurlene,Gearty,lgearty84@noaa.gov,439,8/7/2021,10
294,Strawberry Shortcake,9.3,12/16/2021,1,Angil,Landor,alandor85@comcast.net,416,2/19/2022,10
295,Black Forest Cake,11.2,6/29/2021,8,Revkah,Colcutt,rcolcutt86@wikimedia.org,17,2/16/2022,7
296,Chocolate Mocha Cake,11.08,4/7/2022,2,Kizzie,Aleksandrev,kaleksandrev87@sitemeter.com,306,4/20/2022,5
297,Lemon Cake,4.1,10/26/2021,6,Ingemar,Atley,iatley88@wisc.edu,313,3/23/2022,3
298,French Bread,8.89,12/14/2021,10,Franny,Fetter,ffetter89@geocities.jp,453,1/26/2022,8
299,Italian Bread,6.63,5/9/2021,8,Guenevere,Wilce,gwilce8a@indiegogo.com,254,6/4/2021,7
300,Butter Croissants,10.7,5/2/2022,8,Wallas,Haresign,wharesign8b@squidoo.com,417,1/3/2022,1
301,Chocolate Croissants,7.21,5/8/2021,7,Celestina,Kidds,ckidds8c@prweb.com,93,1/10/2022,4
302,Vanilla Pastry,4.69,8/15/2021,6,Ford,Zambon,fzambon8d@com.com,70,9/29/2021,4
303,Chocolate Pastry,7.23,9/19/2021,10,Harley,Sein,hsein8e@hc360.com,136,8/20/2021,10
304,Tiramisu Pastry,4.77,7/23/2021,8,Dianemarie,Dahlberg,ddahlberg8f@smugmug.com,137,7/21/2021,9
305,Strawberry Shortcake,6.39,10/21/2021,7,Wallache,Larenson,wlarenson8g@about.com,495,7/5/2021,4
306,Black Forest Cake,1.41,7/15/2021,9,Kareem,Yerrell,kyerrell8h@independent.co.uk,388,8/27/2021,8
307,Chocolate Mocha Cake,3.2,9/10/2021,5,Eleonore,Sterke,esterke8i@bloomberg.com,22,2/9/2022,1
308,Lemon Cake,3.06,6/30/2021,4,Osborne,Jubert,ojubert8j@indiatimes.com,457,11/13/2021,7
309,French Bread,10.99,10/17/2021,6,Jocelyne,Stead,jstead8k@weather.com,335,1/4/2022,9
310,Italian Bread,3.38,6/3/2021,3,Montague,Fowells,mfowells8l@aol.com,110,11/5/2021,4
311,Butter Croissants,4.38,4/14/2022,1,Curry,Niesing,cniesing8m@usa.gov,114,9/10/2021,7
312,Chocolate Croissants,3.03,1/23/2022,4,Ermina,Richichi,erichichi8n@timesonline.co.uk,323,9/15/2021,5
313,Vanilla Pastry,9.45,12/24/2021,2,Charo,Woolcocks,cwoolcocks8o@zimbio.com,219,11/13/2021,8
314,Chocolate Pastry,12.7,2/5/2022,6,Rob,Cleynman,rcleynman8p@google.fr,276,8/11/2021,4
315,Tiramisu Pastry,1.06,2/3/2022,9,Flory,Malenoir,fmalenoir8q@tripadvisor.com,241,8/23/2021,5
316,Strawberry Shortcake,1.41,5/25/2021,9,Wye,Yuryshev,wyuryshev8r@nps.gov,136,1/18/2022,7
317,Black Forest Cake,11.19,4/19/2022,6,Sher,Grishin,sgrishin8s@nbcnews.com,245,2/23/2022,7
318,Chocolate Mocha Cake,10.57,5/20/2021,9,Trueman,Caverhill,tcaverhill8t@state.tx.us,323,8/29/2021,7
319,Lemon Cake,11.82,7/26/2021,5,Marylynne,Windus,mwindus8u@bigcartel.com,204,11/3/2021,2
320,French Bread,14.17,7/18/2021,2,Sisile,Booley,sbooley8v@bloglines.com,60,11/2/2021,1
321,Italian Bread,14.93,10/2/2021,3,Aurora,Galbreth,agalbreth8w@cloudflare.com,201,3/11/2022,4
322,Butter Croissants,14.42,4/1/2022,1,Billi,Faussett,bfaussett8x@facebook.com,24,8/2/2021,6
323,Chocolate Croissants,8.71,6/10/2021,4,Shawn,Yallop,syallop8y@diigo.com,149,6/10/2021,7
324,Vanilla Pastry,5.29,1/31/2022,4,Arman,Purdom,apurdom8z@apple.com,140,8/26/2021,10
325,Chocolate Pastry,2.86,5/6/2021,6,Bjorn,Girhard,bgirhard90@issuu.com,291,8/17/2021,4
326,Tiramisu Pastry,13.67,5/8/2021,4,Monique,Edmans,medmans91@bbb.org,407,10/28/2021,3
327,Strawberry Shortcake,14.38,5/6/2021,7,Florida,Tillett,ftillett92@delicious.com,185,4/3/2022,4
328,Black Forest Cake,12.17,11/7/2021,5,Bibby,Edlington,bedlington93@ihg.com,88,2/13/2022,10
329,Chocolate Mocha Cake,3.94,4/10/2022,8,Ethan,Treher,etreher94@behance.net,227,10/22/2021,9
330,Lemon Cake,4.39,11/11/2021,5,Melanie,Ortsmann,mortsmann95@privacy.gov.au,135,5/26/2021,10
331,French Bread,3.05,12/17/2021,10,Robinson,Shilston,rshilston96@dedecms.com,316,8/20/2021,9
332,Italian Bread,13.03,11/2/2021,6,Marquita,Boniface,mboniface97@state.gov,199,2/5/2022,10
333,Butter Croissants,2.49,8/5/2021,6,Dell,Vargas,dvargas98@ameblo.jp,176,6/11/2021,7
334,Chocolate Croissants,14.42,5/31/2021,4,Joanne,Stoute,jstoute99@bing.com,490,5/6/2021,5
335,Vanilla Pastry,3.55,6/20/2021,7,Cindelyn,Wager,cwager9a@alexa.com,83,6/26/2021,3
336,Chocolate Pastry,3.46,5/1/2022,9,Una,Makepeace,umakepeace9b@marriott.com,114,7/28/2021,8
337,Tiramisu Pastry,1.08,7/25/2021,5,Carlyn,Robardet,crobardet9c@webs.com,133,5/10/2022,3
338,Strawberry Shortcake,8.06,9/4/2021,3,Anett,Laidlow,alaidlow9d@sphinn.com,425,7/26/2021,9
339,Black Forest Cake,6.29,8/23/2021,9,Artemus,Fyfe,afyfe9e@miibeian.gov.cn,342,8/27/2021,6
340,Chocolate Mocha Cake,11.08,1/8/2022,7,Nadine,Stowers,nstowers9f@chronoengine.com,251,8/14/2021,2
341,Lemon Cake,2.39,12/4/2021,5,Muriel,Sponer,msponer9g@aol.com,88,11/12/2021,5
342,French Bread,2.81,1/19/2022,6,Yale,Tredgold,ytredgold9h@about.me,468,10/5/2021,8
343,Italian Bread,7.89,9/13/2021,10,Susy,Shovlin,sshovlin9i@springer.com,459,7/13/2021,2
344,Butter Croissants,1.77,9/8/2021,5,Lodovico,Danilishin,ldanilishin9j@hugedomains.com,173,9/9/2021,6
345,Chocolate Croissants,1.9,10/21/2021,2,Willy,Summerly,wsummerly9k@irs.gov,296,9/8/2021,8
346,Vanilla Pastry,2.93,7/4/2021,4,Madelle,Smartman,msmartman9l@squarespace.com,167,12/15/2021,6
347,Chocolate Pastry,3.78,2/23/2022,5,Stephan,Holdren,sholdren9m@vistaprint.com,379,3/18/2022,4
348,Tiramisu Pastry,14.7,6/15/2021,2,Richart,Blance,rblance9n@ox.ac.uk,141,8/13/2021,1
349,Strawberry Shortcake,8.61,5/11/2022,3,Ignatius,Redrup,iredrup9o@last.fm,171,10/26/2021,10
350,Black Forest Cake,14.95,5/7/2021,1,Irwinn,Ruilton,iruilton9p@cargocollective.com,100,11/20/2021,1
351,Chocolate Mocha Cake,10.38,8/18/2021,3,Othilie,Orpwood,oorpwood9q@admin.ch,363,7/21/2021,2
352,Lemon Cake,5.6,10/17/2021,8,Conney,Callicott,ccallicott9r@odnoklassniki.ru,345,6/26/2021,10
353,French Bread,14.73,12/11/2021,1,Garwood,Clayill,gclayill9s@nps.gov,141,1/20/2022,6
354,Italian Bread,5.26,3/11/2022,9,Rheta,Tivolier,rtivolier9t@amazon.de,266,12/24/2021,9
355,Butter Croissants,1.52,12/6/2021,5,Wendeline,Eleshenar,weleshenar9u@t.co,215,11/17/2021,1
356,Chocolate Croissants,9.12,5/30/2021,5,Caresse,Clymer,cclymer9v@networksolutions.com,153,2/17/2022,8
357,Vanilla Pastry,8.66,3/7/2022,2,Bradley,Ohrtmann,bohrtmann9w@woothemes.com,325,10/8/2021,6
358,Chocolate Pastry,4,11/30/2021,10,Nigel,Statham,nstatham9x@photobucket.com,244,8/4/2021,3
359,Tiramisu Pastry,2.03,3/18/2022,6,Eddie,Juorio,ejuorio9y@ustream.tv,226,12/9/2021,10
360,Strawberry Shortcake,14.04,6/28/2021,5,Melodie,Worsalls,mworsalls9z@toplist.cz,410,6/1/2021,10
361,Black Forest Cake,5.69,11/22/2021,6,Dion,Colquitt,dcolquitta0@twitpic.com,237,1/9/2022,7
362,Chocolate Mocha Cake,3.4,4/27/2022,9,Jojo,Truwert,jtruwerta1@mail.ru,307,9/12/2021,3
363,Lemon Cake,4.84,9/21/2021,10,Seka,Bearne,sbearnea2@eepurl.com,71,11/3/2021,3
364,French Bread,13.83,4/19/2022,5,Ingelbert,Leverton,ilevertona3@mediafire.com,477,10/12/2021,7
365,Italian Bread,10.7,5/24/2021,7,Archy,Seligson,aseligsona4@wordpress.org,18,10/6/2021,4
366,Butter Croissants,8.29,9/7/2021,6,Mirelle,Gadson,mgadsona5@so-net.ne.jp,500,4/24/2022,1
367,Chocolate Croissants,8.18,5/3/2021,5,Vinita,Stoltz,vstoltza6@google.co.jp,84,7/26/2021,4
368,Vanilla Pastry,6.2,10/23/2021,3,Demetria,McCoole,dmccoolea7@hubpages.com,465,2/7/2022,5
369,Chocolate Pastry,11.9,5/13/2021,6,Erika,Clack,eclacka8@miitbeian.gov.cn,203,11/11/2021,10
370,Tiramisu Pastry,14.27,10/18/2021,9,Fields,Redshaw,fredshawa9@sfgate.com,354,4/2/2022,7
371,Strawberry Shortcake,14.55,3/24/2022,2,Georgia,Bazeley,gbazeleyaa@google.pl,59,9/8/2021,2
372,Black Forest Cake,6.35,5/4/2021,10,Nollie,Milkin,nmilkinab@adobe.com,230,6/20/2021,9
373,Chocolate Mocha Cake,5.98,1/14/2022,9,Penni,Piatek,ppiatekac@addtoany.com,210,8/24/2021,8
374,Lemon Cake,11.65,3/20/2022,3,Wallie,Arnell,warnellad@smh.com.au,300,9/27/2021,8
375,French Bread,1.42,4/14/2022,4,Aile,Opy,aopyae@smugmug.com,448,1/15/2022,8
376,Italian Bread,1.79,12/4/2021,5,Brett,Wildman,bwildmanaf@feedburner.com,405,9/30/2021,7
377,Butter Croissants,14.42,5/27/2021,10,Cecil,Bonhomme,cbonhommeag@japanpost.jp,201,8/11/2021,5
378,Chocolate Croissants,9.4,10/12/2021,1,Wilmer,Cummine,wcummineah@independent.co.uk,374,5/12/2021,6
379,Vanilla Pastry,14.17,11/20/2021,6,Noak,Heathcote,nheathcoteai@tumblr.com,20,4/6/2022,2
380,Chocolate Pastry,11.58,10/12/2021,10,Orbadiah,Shrubsall,oshrubsallaj@theatlantic.com,8,3/19/2022,7
381,Tiramisu Pastry,14.11,6/23/2021,5,Lenka,Matushenko,lmatushenkoak@facebook.com,413,11/7/2021,7
382,Strawberry Shortcake,13.51,5/8/2022,3,Joly,Penzer,jpenzeral@vk.com,97,6/18/2021,8
383,Black Forest Cake,13.28,5/14/2021,6,Jenilee,Copozio,jcopozioam@simplemachines.org,439,8/27/2021,8
384,Chocolate Mocha Cake,12.72,10/31/2021,3,Boniface,Durward,bdurwardan@wordpress.com,292,8/26/2021,8
385,Lemon Cake,2.93,5/8/2022,6,Mycah,Tuddall,mtuddallao@guardian.co.uk,112,10/28/2021,6
386,French Bread,7.78,10/21/2021,3,Georgette,Ricardon,gricardonap@dedecms.com,190,6/16/2021,3
387,Italian Bread,10.52,5/27/2021,1,Sascha,Baudou,sbaudouaq@sogou.com,116,7/25/2021,3
388,Butter Croissants,2.71,1/4/2022,5,Brock,Gosnay,bgosnayar@techcrunch.com,78,7/28/2021,10
389,Chocolate Croissants,13.41,6/7/2021,1,Saudra,Garrold,sgarroldas@ovh.net,499,5/11/2022,4
390,Vanilla Pastry,3.95,11/10/2021,9,Averil,Helliar,ahelliarat@tuttocitta.it,33,2/17/2022,10
391,Chocolate Pastry,3.28,1/20/2022,1,Caresse,Mallion,cmallionau@mac.com,59,5/24/2021,7
392,Tiramisu Pastry,12.99,2/17/2022,9,Errol,Dawton,edawtonav@woothemes.com,287,7/30/2021,1
393,Strawberry Shortcake,4.09,8/7/2021,9,Kimble,Macklam,kmacklamaw@yellowbook.com,435,11/23/2021,5
394,Black Forest Cake,7.9,10/17/2021,5,Fredek,Tadlow,ftadlowax@meetup.com,375,7/26/2021,9
395,Chocolate Mocha Cake,1.63,6/1/2021,3,Hank,Radmore,hradmoreay@pen.io,282,12/22/2021,4
396,Lemon Cake,14.83,1/1/2022,9,Leelah,Longstreeth,llongstreethaz@google.it,370,6/5/2021,10
397,French Bread,12.31,6/7/2021,10,Terrance,Ping,tpingb0@alexa.com,234,11/14/2021,6
398,Italian Bread,8,12/19/2021,3,Carlota,Netti,cnettib1@goo.gl,462,1/20/2022,2
399,Butter Croissants,7.46,10/23/2021,7,Mellicent,Bassil,mbassilb2@berkeley.edu,472,9/23/2021,2
400,Chocolate Croissants,5.71,1/1/2022,9,Marijn,Lemm,mlemmb3@sbwire.com,493,5/7/2022,8
401,Vanilla Pastry,2.5,6/27/2021,8,Tamas,Howes,thowesb4@google.ru,453,8/20/2021,4
402,Chocolate Pastry,7.41,1/9/2022,3,Randene,Dalliwatr,rdalliwatrb5@cnet.com,64,8/22/2021,5
403,Tiramisu Pastry,9.11,8/29/2021,4,Bartie,Lamming,blammingb6@constantcontact.com,294,8/22/2021,1
404,Strawberry Shortcake,1.29,11/15/2021,9,Pietra,Vannini,pvanninib7@g.co,6,10/31/2021,7
405,Black Forest Cake,4.78,11/26/2021,10,Artair,Doxsey,adoxseyb8@ovh.net,125,5/18/2021,6
406,Chocolate Mocha Cake,9.28,10/7/2021,1,Melba,Brunke,mbrunkeb9@hubpages.com,493,4/15/2022,2
407,Lemon Cake,1.59,6/11/2021,10,Paule,Smitheram,psmitheramba@qq.com,128,6/24/2021,6
408,French Bread,8.29,9/28/2021,5,Huntlee,Jedrys,hjedrysbb@barnesandnoble.com,400,7/31/2021,9
409,Italian Bread,13.29,2/7/2022,9,Keefe,Leverich,kleverichbc@vistaprint.com,461,4/24/2022,1
410,Butter Croissants,8.52,3/15/2022,6,Bernhard,Gledhall,bgledhallbd@yelp.com,415,7/21/2021,6
411,Chocolate Croissants,4.62,5/10/2021,3,Celestia,Maffy,cmaffybe@php.net,158,7/2/2021,2
412,Vanilla Pastry,13.09,7/4/2021,6,Linnea,Benjamin,lbenjaminbf@howstuffworks.com,224,2/25/2022,4
413,Chocolate Pastry,7.57,8/5/2021,5,Ondrea,Kordovani,okordovanibg@networksolutions.com,110,11/19/2021,10
414,Tiramisu Pastry,12.32,11/28/2021,5,Christiane,Krishtopaittis,ckrishtopaittisbh@ox.ac.uk,350,5/3/2022,10
415,Strawberry Shortcake,7.81,8/13/2021,4,Aile,Tunnicliff,atunnicliffbi@geocities.com,437,9/13/2021,2
416,Black Forest Cake,12.59,11/17/2021,3,Dasya,McAreavey,dmcareaveybj@mozilla.com,386,6/11/2021,8
417,Chocolate Mocha Cake,7.86,7/8/2021,7,Chiquita,Blackford,cblackfordbk@github.io,331,5/14/2021,9
418,Lemon Cake,8.75,12/21/2021,1,Lanita,Reams,lreamsbl@fda.gov,463,5/2/2022,8
419,French Bread,5.07,2/4/2022,1,Skipp,Joselevitch,sjoselevitchbm@ca.gov,167,12/1/2021,2
420,Italian Bread,13.73,3/15/2022,5,Emmye,Pebworth,epebworthbn@unicef.org,56,2/24/2022,1
421,Butter Croissants,4.9,9/12/2021,9,Kamila,Start,kstartbo@jimdo.com,327,8/17/2021,4
422,Chocolate Croissants,15,6/12/2021,1,Nobe,Newcom,nnewcombp@quantcast.com,104,2/25/2022,2
423,Vanilla Pastry,1.02,11/8/2021,4,Florella,Magner,fmagnerbq@hatena.ne.jp,188,7/6/2021,2
424,Chocolate Pastry,6.33,8/19/2021,5,Myron,Glasner,mglasnerbr@chronoengine.com,296,5/26/2021,1
425,Tiramisu Pastry,5.87,1/6/2022,4,Ulrikaumeko,Flanders,uflandersbs@so-net.ne.jp,86,9/15/2021,9
426,Strawberry Shortcake,4.42,12/30/2021,10,Beatrice,Lloyd-Williams,blloydwilliamsbt@jugem.jp,347,1/13/2022,6
427,Black Forest Cake,11.69,9/16/2021,9,Minette,Petican,mpeticanbu@walmart.com,433,6/9/2021,8
428,Chocolate Mocha Cake,4.77,3/30/2022,10,Carlyle,O'Quin,coquinbv@usa.gov,499,3/30/2022,8
429,Lemon Cake,1.22,3/18/2022,4,Nani,Blundell,nblundellbw@msu.edu,137,11/12/2021,8
430,French Bread,13.34,9/19/2021,1,Ringo,Sizland,rsizlandbx@gmpg.org,304,4/28/2022,7
431,Italian Bread,14.85,12/28/2021,10,Lauri,Raynes,lraynesby@a8.net,471,5/22/2021,1
432,Butter Croissants,6.77,5/22/2021,10,Agretha,Dinan,adinanbz@bigcartel.com,342,3/28/2022,5
433,Chocolate Croissants,6.22,5/28/2021,1,Colas,Walkingshaw,cwalkingshawc0@apache.org,304,5/11/2022,6
434,Vanilla Pastry,14.55,5/16/2021,9,Cherry,Wallentin,cwallentinc1@ucoz.ru,45,12/22/2021,10
435,Chocolate Pastry,4.13,1/4/2022,8,Korrie,Sprowles,ksprowlesc2@prweb.com,495,12/7/2021,1
436,Tiramisu Pastry,10.48,8/3/2021,2,Nona,Vinau,nvinauc3@hugedomains.com,205,9/19/2021,6
437,Strawberry Shortcake,14.94,7/15/2021,6,Catie,Wykes,cwykesc4@list-manage.com,364,10/4/2021,1
438,Black Forest Cake,11.92,7/27/2021,2,Redd,Cheverell,rcheverellc5@ibm.com,442,12/10/2021,5
439,Chocolate Mocha Cake,4.28,9/4/2021,7,Jourdan,Joselevitz,jjoselevitzc6@infoseek.co.jp,364,5/7/2021,9
440,Lemon Cake,8,10/14/2021,7,Kasey,Pratty,kprattyc7@photobucket.com,25,11/24/2021,3
441,French Bread,3.58,4/23/2022,2,Myrvyn,Caslane,mcaslanec8@mozilla.org,215,4/25/2022,10
442,Italian Bread,6.03,1/18/2022,2,Berenice,Scay,bscayc9@ycombinator.com,209,11/24/2021,7
443,Butter Croissants,4.4,2/17/2022,2,Moll,Kruger,mkrugerca@vinaora.com,421,12/7/2021,1
444,Chocolate Croissants,14.96,5/9/2021,7,Janina,Beardall,jbeardallcb@earthlink.net,75,11/3/2021,7
445,Vanilla Pastry,1.01,2/10/2022,9,Benjamin,D'Aeth,bdaethcc@phpbb.com,181,11/14/2021,1
446,Chocolate Pastry,14.76,2/23/2022,6,Yard,Galler,ygallercd@hatena.ne.jp,139,7/16/2021,1
447,Tiramisu Pastry,9.83,10/29/2021,1,Gaby,Lavery,glaveryce@booking.com,311,8/2/2021,8
448,Strawberry Shortcake,9.49,11/29/2021,8,Rudy,Geering,rgeeringcf@smugmug.com,174,9/5/2021,5
449,Black Forest Cake,7.05,2/26/2022,7,Mandie,Note,mnotecg@sciencedaily.com,392,9/8/2021,9
450,Chocolate Mocha Cake,5,7/17/2021,10,Emiline,Kilius,ekiliusch@topsy.com,489,10/21/2021,6
451,Lemon Cake,3.61,7/27/2021,8,Roarke,Childes,rchildesci@chron.com,38,7/30/2021,6
452,French Bread,8.93,10/28/2021,8,Nevsa,Shard,nshardcj@wikia.com,270,8/26/2021,4
453,Italian Bread,4.29,9/14/2021,2,Nicolea,Morot,nmorotck@utexas.edu,214,9/27/2021,9
454,Butter Croissants,11.4,12/29/2021,1,Farrell,Slaght,fslaghtcl@nasa.gov,118,12/20/2021,5
455,Chocolate Croissants,12.01,8/3/2021,5,Geneva,Ingamells,gingamellscm@pinterest.com,250,1/7/2022,3
456,Vanilla Pastry,5.27,1/27/2022,7,Hermione,Lealle,hleallecn@1688.com,354,1/26/2022,4
457,Chocolate Pastry,4.62,8/17/2021,4,Hasty,Andreini,handreinico@adobe.com,145,1/10/2022,5
458,Tiramisu Pastry,11.87,4/29/2022,4,Wilhelmine,Shottin,wshottincp@intel.com,95,11/6/2021,8
459,Strawberry Shortcake,3,6/3/2021,6,Haily,Chavey,hchaveycq@facebook.com,264,4/10/2022,4
460,Black Forest Cake,3.35,2/3/2022,10,Eran,Gregoletti,egregoletticr@shareasale.com,93,9/21/2021,3
461,Chocolate Mocha Cake,10.66,11/6/2021,10,Dorise,Ferrant,dferrantcs@intel.com,246,11/18/2021,1
462,Lemon Cake,14.45,12/13/2021,4,Caprice,Brayson,cbraysonct@blogger.com,266,8/23/2021,9
463,French Bread,10.21,8/1/2021,7,Sheelagh,Morch,smorchcu@go.com,84,2/16/2022,7
464,Italian Bread,5.2,1/20/2022,9,Adriane,D'Antoni,adantonicv@telegraph.co.uk,149,8/15/2021,8
465,Butter Croissants,9.55,8/25/2021,6,Fidelia,Lanfer,flanfercw@usa.gov,391,5/10/2022,7
466,Chocolate Croissants,1.09,1/29/2022,3,Serene,Vashchenko,svashchenkocx@hugedomains.com,392,8/29/2021,1
467,Vanilla Pastry,14.44,5/26/2021,10,Brittani,Enticknap,benticknapcy@feedburner.com,486,6/4/2021,8
468,Chocolate Pastry,11.26,9/10/2021,5,Paulo,Sapsford,psapsfordcz@trellian.com,286,9/30/2021,1
469,Tiramisu Pastry,14.49,12/7/2021,9,Abbot,Meach,ameachd0@businessinsider.com,317,9/21/2021,3
470,Strawberry Shortcake,1.21,5/22/2021,7,Ana,Besse,abessed1@illinois.edu,213,1/2/2022,4
471,Black Forest Cake,7.02,5/13/2021,2,Yank,Freen,yfreend2@usda.gov,119,7/10/2021,5
472,Chocolate Mocha Cake,7.25,12/16/2021,4,Ardisj,McLurg,amclurgd3@ow.ly,196,8/30/2021,10
473,Lemon Cake,3.12,7/16/2021,2,Stavros,Cordner,scordnerd4@hatena.ne.jp,67,5/4/2022,10
474,French Bread,8.31,2/4/2022,10,Lissie,Bampford,lbampfordd5@webeden.co.uk,329,6/9/2021,10
475,Italian Bread,3.03,6/2/2021,9,Eugenia,Thrasher,ethrasherd6@globo.com,358,6/16/2021,10
476,Butter Croissants,1.44,2/26/2022,4,Philippine,Lefever,plefeverd7@chicagotribune.com,331,3/31/2022,1
477,Chocolate Croissants,14.62,11/6/2021,7,Baxy,Pahl,bpahld8@blogtalkradio.com,73,3/28/2022,7
478,Vanilla Pastry,11.56,6/6/2021,5,Bil,Bamb,bbambd9@who.int,452,5/25/2021,7
479,Chocolate Pastry,10.29,7/22/2021,1,Archibald,Saban,asabanda@jimdo.com,357,3/6/2022,2
480,Tiramisu Pastry,6.82,7/29/2021,6,Dwain,Coleiro,dcoleirodb@chron.com,403,4/16/2022,9
481,Strawberry Shortcake,4.53,6/18/2021,4,Giffy,Vasenkov,gvasenkovdc@photobucket.com,103,9/4/2021,9
482,Black Forest Cake,9.47,12/4/2021,9,Dannie,Eckly,decklydd@twitter.com,492,5/28/2021,4
483,Chocolate Mocha Cake,8.74,9/15/2021,10,Rey,Pickerin,rpickerinde@umn.edu,367,4/21/2022,10
484,Lemon Cake,14.46,6/20/2021,7,Sayre,Offer,sofferdf@xinhuanet.com,493,1/6/2022,8
485,French Bread,12.26,6/15/2021,7,Fulvia,Toothill,ftoothilldg@drupal.org,497,7/18/2021,5
486,Italian Bread,7,6/16/2021,6,Thedric,Cowser,tcowserdh@slashdot.org,424,8/11/2021,7
487,Butter Croissants,5.29,3/4/2022,5,Damita,Branthwaite,dbranthwaitedi@google.com,454,11/2/2021,1
488,Chocolate Croissants,7.35,12/10/2021,5,Alastair,Hooke,ahookedj@wix.com,341,4/11/2022,6
489,Vanilla Pastry,10.67,8/25/2021,2,Jackie,Cashen,jcashendk@kickstarter.com,139,12/1/2021,8
490,Chocolate Pastry,10.88,6/16/2021,2,Alejoa,Driver,adriverdl@fc2.com,27,11/30/2021,5
491,Tiramisu Pastry,10.12,4/21/2022,5,Pail,Foister,pfoisterdm@soup.io,388,2/27/2022,9
492,Strawberry Shortcake,12.92,5/10/2021,5,Jodie,Klimes,jklimesdn@mashable.com,439,3/16/2022,5
493,Black Forest Cake,1.09,5/2/2022,4,Ravi,Yakushkev,ryakushkevdo@howstuffworks.com,55,6/3/2021,10
494,Chocolate Mocha Cake,8.6,2/15/2022,10,Kayley,Renak,krenakdp@rambler.ru,11,3/19/2022,6
495,Lemon Cake,11.17,12/24/2021,9,Stacie,Kose,skosedq@plala.or.jp,64,9/11/2021,6
496,French Bread,8.08,1/7/2022,8,Osbert,Cleave,ocleavedr@opera.com,365,1/3/2022,8
497,Italian Bread,11.95,12/3/2021,5,Rica,Niaves,rniavesds@dyndns.org,137,2/15/2022,5
498,Butter Croissants,6.54,5/5/2021,8,Jamesy,Dursley,jdursleydt@usda.gov,265,10/20/2021,1
499,Chocolate Croissants,6.39,8/7/2021,9,Allister,Kitchingman,akitchingmandu@state.tx.us,98,4/2/2022,7
500,Vanilla Pastry,1.56,10/20/2021,2,Dario,Sokill,dsokilldv@theguardian.com,226,2/5/2022,6
501,Chocolate Pastry,11.28,2/26/2022,3,Alameda,Lawley,alawleydw@admin.ch,467,7/28/2021,9
502,Tiramisu Pastry,9.5,7/25/2021,8,Gradeigh,Bartlett,gbartlettdx@craigslist.org,267,10/16/2021,9
503,Strawberry Shortcake,6.47,7/16/2021,4,Daphne,Tripett,dtripettdy@lycos.com,255,9/26/2021,5
504,Black Forest Cake,13.21,3/7/2022,5,Kelsey,Fust,kfustdz@ft.com,221,4/30/2022,7
505,Chocolate Mocha Cake,13.22,12/12/2021,8,Hilton,MattiCCI,hmatticcie0@g.co,83,10/24/2021,1
506,Lemon Cake,2.48,6/11/2021,3,Floyd,Pietri,fpietrie1@miibeian.gov.cn,50,6/13/2021,9
507,French Bread,6.45,1/8/2022,3,Dorelle,Ivermee,divermeee2@digg.com,152,11/16/2021,7
508,Italian Bread,3.24,5/29/2021,2,Maryjane,Antao,mantaoe3@weibo.com,39,10/28/2021,8
509,Butter Croissants,14.64,11/23/2021,9,Nonnah,Boother,nboothere4@ft.com,478,11/17/2021,3
510,Chocolate Croissants,11.33,5/30/2021,4,Lanita,Duchant,lduchante5@drupal.org,129,11/8/2021,6
511,Vanilla Pastry,12.06,12/15/2021,9,Redford,Possel,rpossele6@oracle.com,158,6/29/2021,1
512,Chocolate Pastry,7.24,4/18/2022,9,Griff,Oloman,golomane7@typepad.com,357,4/9/2022,3
513,Tiramisu Pastry,14.32,5/15/2021,9,Shirl,Clough,scloughe8@uiuc.edu,100,1/3/2022,5
514,Strawberry Shortcake,9.13,8/11/2021,8,Cherey,Vanichkov,cvanichkove9@wp.com,25,6/28/2021,5
515,Black Forest Cake,10.74,12/3/2021,10,Vinny,Debell,vdebellea@washington.edu,390,3/9/2022,5
516,Chocolate Mocha Cake,14.17,2/16/2022,9,Reyna,Batchelour,rbatcheloureb@chronoengine.com,417,5/6/2021,8
517,Lemon Cake,1.25,6/28/2021,10,Addy,Parnall,aparnallec@issuu.com,162,5/3/2021,8
518,French Bread,7.96,2/24/2022,7,Willette,Wesgate,wwesgateed@pagesperso-orange.fr,392,7/20/2021,3
519,Italian Bread,13.46,9/1/2021,8,Dallis,Mc Caughen,dmccaughenee@bing.com,36,9/16/2021,7
520,Butter Croissants,10.14,9/1/2021,9,Ambros,Gerriessen,agerriessenef@apache.org,266,12/9/2021,8
521,Chocolate Croissants,3.89,9/26/2021,5,Selena,Daniaud,sdaniaudeg@tmall.com,11,4/9/2022,9
522,Vanilla Pastry,14.39,9/3/2021,5,Tiff,Eilhart,teilharteh@ning.com,171,8/12/2021,6
523,Chocolate Pastry,8.08,6/13/2021,6,Anitra,Greenhouse,agreenhouseei@pcworld.com,447,6/13/2021,8
524,Tiramisu Pastry,6.86,4/11/2022,7,Verla,Harrema,vharremaej@bloomberg.com,340,7/14/2021,5
525,Strawberry Shortcake,8.93,6/13/2021,5,Kendell,Houseman,khousemanek@stumbleupon.com,456,6/27/2021,8
526,Black Forest Cake,11.59,9/7/2021,7,Augy,de Chastelain,adechastelainel@nymag.com,235,8/14/2021,3
527,Chocolate Mocha Cake,12.7,11/22/2021,5,Skip,Rafter,srafterem@answers.com,372,7/8/2021,9
528,Lemon Cake,6.06,10/5/2021,2,Warner,Defraine,wdefraineen@booking.com,363,3/21/2022,4
529,French Bread,4.37,9/7/2021,5,Consalve,Condie,ccondieeo@slate.com,311,11/14/2021,2
530,Italian Bread,2.1,8/27/2021,2,Susette,MacGiffin,smacgiffinep@twitter.com,84,2/21/2022,8
531,Butter Croissants,3.96,9/24/2021,10,Paten,Sharrock,psharrockeq@hc360.com,68,9/28/2021,9
532,Chocolate Croissants,9.18,5/3/2021,1,Dimitry,Whapham,dwhaphamer@uol.com.br,417,1/8/2022,4
533,Vanilla Pastry,9.16,6/12/2021,4,Huberto,Danzig,hdanziges@twitter.com,191,8/3/2021,10
534,Chocolate Pastry,11.71,10/15/2021,3,Gerri,Mauser,gmauseret@free.fr,95,1/25/2022,5
535,Tiramisu Pastry,11.44,6/12/2021,9,Issi,Sivier,isiviereu@over-blog.com,172,8/15/2021,2
536,Strawberry Shortcake,12.65,9/12/2021,6,Peta,Lesmonde,plesmondeev@dropbox.com,287,2/27/2022,4
537,Black Forest Cake,3.58,9/4/2021,4,Farrand,Brettor,fbrettorew@mail.ru,172,6/29/2021,5
538,Chocolate Mocha Cake,10.84,1/17/2022,4,Orel,Nerheny,onerhenyex@senate.gov,79,10/17/2021,5
539,Lemon Cake,12.77,5/8/2021,3,Esther,Dearing,edearingey@xinhuanet.com,117,6/8/2021,1
540,French Bread,8.32,9/13/2021,4,Joanne,Kordovani,jkordovaniez@storify.com,474,3/12/2022,7
541,Italian Bread,4.12,3/30/2022,8,Pamela,Sherwell,psherwellf0@furl.net,459,4/23/2022,4
542,Butter Croissants,14.89,2/24/2022,3,Laverna,Renzini,lrenzinif1@creativecommons.org,162,7/24/2021,7
543,Chocolate Croissants,8.3,10/11/2021,6,Lori,Newns,lnewnsf2@admin.ch,307,3/10/2022,3
544,Vanilla Pastry,5.7,6/6/2021,10,Elden,Wiffield,ewiffieldf3@army.mil,371,8/4/2021,3
545,Chocolate Pastry,3.37,5/30/2021,9,Peadar,Dodamead,pdodameadf4@ebay.com,166,7/22/2021,10
546,Tiramisu Pastry,1.75,5/31/2021,2,Mozelle,Bengtson,mbengtsonf5@hibu.com,418,1/8/2022,6
547,Strawberry Shortcake,12.09,3/17/2022,9,Melvin,Darton,mdartonf6@prlog.org,88,10/23/2021,8
548,Black Forest Cake,5.45,11/4/2021,10,Lebbie,Beazer,lbeazerf7@ebay.co.uk,461,3/19/2022,10
549,Chocolate Mocha Cake,5.58,7/12/2021,5,Brooks,Peake,bpeakef8@instagram.com,246,10/19/2021,4
550,Lemon Cake,9.5,9/17/2021,10,Martin,Buyers,mbuyersf9@nhs.uk,156,5/30/2021,9
551,French Bread,6.85,1/3/2022,7,Nevsa,Kneafsey,nkneafseyfa@themeforest.net,41,9/23/2021,7
552,Italian Bread,4.68,3/27/2022,5,Gabe,Giblin,ggiblinfb@comsenz.com,227,4/4/2022,6
553,Butter Croissants,12.07,6/19/2021,5,Rhonda,Moffat,rmoffatfc@wired.com,226,10/22/2021,3
554,Chocolate Croissants,11.08,2/26/2022,3,Clarey,Aasaf,caasaffd@weather.com,25,3/2/2022,4
555,Vanilla Pastry,10.97,12/23/2021,9,Noble,Pickering,npickeringfe@sitemeter.com,418,4/8/2022,4
556,Chocolate Pastry,10.25,4/22/2022,2,Alexis,Jerwood,ajerwoodff@people.com.cn,380,9/25/2021,3
557,Tiramisu Pastry,6.14,2/4/2022,6,Miquela,Guarin,mguarinfg@businessweek.com,234,12/30/2021,6
558,Strawberry Shortcake,12.81,6/13/2021,10,Archaimbaud,Sommer,asommerfh@indiegogo.com,320,9/13/2021,6
559,Black Forest Cake,1.26,1/6/2022,10,Osmond,Tatum,otatumfi@usa.gov,288,10/5/2021,10
560,Chocolate Mocha Cake,2.81,5/7/2021,8,Aylmar,Cathee,acatheefj@artisteer.com,229,6/26/2021,7
561,Lemon Cake,3.57,5/9/2022,9,Cathryn,Wilman,cwilmanfk@slate.com,174,8/15/2021,8
562,French Bread,3.93,1/24/2022,7,Melodie,Jamrowicz,mjamrowiczfl@free.fr,191,2/20/2022,5
563,Italian Bread,10.5,3/31/2022,3,Cecile,Ronan,cronanfm@ameblo.jp,432,12/3/2021,2
564,Butter Croissants,12.1,7/1/2021,4,Bradly,McTerry,bmcterryfn@ameblo.jp,215,9/5/2021,7
565,Chocolate Croissants,10.05,9/6/2021,5,Ruy,Basford,rbasfordfo@state.tx.us,108,5/16/2021,9
566,Vanilla Pastry,1.33,1/12/2022,4,Anna-maria,Wapple,awapplefp@cafepress.com,216,1/16/2022,4
567,Chocolate Pastry,12.17,9/30/2021,2,Corliss,Bundey,cbundeyfq@blogs.com,348,2/1/2022,3
568,Tiramisu Pastry,11.9,5/10/2022,10,Susannah,Trimming,strimmingfr@blogger.com,35,10/2/2021,1
569,Strawberry Shortcake,4.11,7/24/2021,10,Nickie,Milmith,nmilmithfs@msu.edu,49,6/14/2021,6
570,Black Forest Cake,9.47,9/2/2021,4,Reggis,Tytterton,rtyttertonft@livejournal.com,208,10/2/2021,1
571,Chocolate Mocha Cake,5.57,3/21/2022,7,Benny,Wilden,bwildenfu@prlog.org,431,6/24/2021,4
572,Lemon Cake,14.17,7/2/2021,3,Liam,Esland,leslandfv@bandcamp.com,179,8/29/2021,5
573,French Bread,3.42,1/13/2022,3,Jacky,Cudde,jcuddefw@hugedomains.com,386,11/4/2021,8
574,Italian Bread,9.06,2/4/2022,6,Fredrick,Enoch,fenochfx@upenn.edu,191,10/2/2021,9
575,Butter Croissants,2.27,9/18/2021,7,Kennie,Titchen,ktitchenfy@narod.ru,66,6/21/2021,5
576,Chocolate Croissants,6.61,11/3/2021,5,Walsh,Popescu,wpopescufz@sourceforge.net,304,10/10/2021,3
577,Vanilla Pastry,7.23,5/27/2021,1,Carmon,Wolfenden,cwolfendeng0@1und1.de,458,8/1/2021,5
578,Chocolate Pastry,12.24,3/19/2022,7,Dennet,Hain,dhaing1@printfriendly.com,128,7/18/2021,8
579,Tiramisu Pastry,11.9,2/16/2022,3,Eldin,Ripsher,eripsherg2@diigo.com,42,2/9/2022,4
580,Strawberry Shortcake,8.79,7/27/2021,3,Ryan,Nutkin,rnutking3@cnn.com,33,5/29/2021,5
581,Black Forest Cake,12.84,2/7/2022,8,Trumann,Brumhead,tbrumheadg4@123-reg.co.uk,22,2/5/2022,4
582,Chocolate Mocha Cake,11.36,2/19/2022,2,Ermin,Cutteridge,ecutteridgeg5@symantec.com,112,7/25/2021,1
583,Lemon Cake,10.99,2/13/2022,8,Andonis,Rehme,arehmeg6@tamu.edu,52,8/20/2021,7
584,French Bread,9.48,1/12/2022,2,Donnajean,Cruikshank,dcruikshankg7@webeden.co.uk,498,4/12/2022,4
585,Italian Bread,12.02,2/12/2022,3,Paolina,Mandell,pmandellg8@1und1.de,464,9/22/2021,2
586,Butter Croissants,4.98,4/8/2022,10,Duky,Steeden,dsteedeng9@taobao.com,493,4/3/2022,9
587,Chocolate Croissants,13.64,12/20/2021,10,Neale,Learned,nlearnedga@hp.com,74,5/28/2021,5
588,Vanilla Pastry,14.39,10/2/2021,4,Meris,Fallen,mfallengb@goodreads.com,224,7/26/2021,6
589,Chocolate Pastry,10.28,1/25/2022,7,Karin,Spera,ksperagc@cargocollective.com,46,11/24/2021,7
590,Tiramisu Pastry,3.12,1/13/2022,6,Mason,Boame,mboamegd@mtv.com,11,11/17/2021,1
591,Strawberry Shortcake,6.57,11/27/2021,4,Norbert,Aylesbury,naylesburyge@miitbeian.gov.cn,67,2/2/2022,10
592,Black Forest Cake,10.96,8/27/2021,6,Bonnie,MacMakin,bmacmakingf@mlb.com,146,8/10/2021,6
593,Chocolate Mocha Cake,13.03,4/10/2022,4,Prudence,Pullen,ppullengg@nature.com,176,8/5/2021,5
594,Lemon Cake,12.2,8/27/2021,1,Fransisco,Borg-Bartolo,fborgbartologh@pinterest.com,148,2/19/2022,7
595,French Bread,14.99,9/26/2021,4,Lanie,Kipling,lkiplinggi@themeforest.net,26,5/28/2021,1
596,Italian Bread,14.6,1/8/2022,6,Joaquin,Darkin,jdarkingj@delicious.com,82,12/10/2021,5
597,Butter Croissants,14.67,7/3/2021,1,Sayres,Eisold,seisoldgk@desdev.cn,276,6/11/2021,4
598,Chocolate Croissants,5.67,5/9/2021,5,Jephthah,George,jgeorgegl@cmu.edu,401,4/27/2022,6
599,Vanilla Pastry,1.61,4/30/2022,8,Evelina,Supple,esupplegm@sitemeter.com,144,3/18/2022,2
600,Chocolate Pastry,1.13,11/27/2021,7,Myrah,Pincked,mpinckedgn@slashdot.org,74,4/18/2022,7
601,Tiramisu Pastry,14.02,3/13/2022,9,Barry,Swatheridge,bswatheridgego@yandex.ru,22,7/13/2021,8
602,Strawberry Shortcake,11.52,10/21/2021,5,Franny,Laviss,flavissgp@delicious.com,407,9/6/2021,8
603,Black Forest Cake,9.12,12/26/2021,5,Prisca,Matthiae,pmatthiaegq@blogtalkradio.com,186,8/2/2021,8
604,Chocolate Mocha Cake,11.3,8/24/2021,4,Florie,Benedyktowicz,fbenedyktowiczgr@ihg.com,414,10/23/2021,10
605,Lemon Cake,7.02,6/20/2021,1,Andonis,Brimblecombe,abrimblecombegs@imdb.com,464,7/31/2021,2
606,French Bread,7.88,7/11/2021,4,Packston,Cristofori,pcristoforigt@blog.com,212,11/20/2021,9
607,Italian Bread,6.67,2/13/2022,7,Ginnie,Carah,gcarahgu@nih.gov,30,11/11/2021,7
608,Butter Croissants,5.1,6/29/2021,6,Lorri,Muro,lmurogv@reddit.com,347,3/29/2022,3
609,Chocolate Croissants,9.84,1/24/2022,4,Nydia,Ragless,nraglessgw@fastcompany.com,461,2/9/2022,10
610,Vanilla Pastry,9.22,4/21/2022,7,Cherey,Bulled,cbulledgx@yahoo.com,491,2/3/2022,10
611,Chocolate Pastry,4.32,11/22/2021,1,Brynna,Golsthorp,bgolsthorpgy@cocolog-nifty.com,130,11/11/2021,3
612,Tiramisu Pastry,1.83,6/15/2021,1,Nevsa,Hawk,nhawkgz@ebay.com,118,6/17/2021,4
613,Strawberry Shortcake,9.47,10/8/2021,5,Stefania,Wilhelmy,swilhelmyh0@cmu.edu,313,11/16/2021,9
614,Black Forest Cake,3.57,4/6/2022,4,Clareta,Kennelly,ckennellyh1@discuz.net,70,12/25/2021,6
615,Chocolate Mocha Cake,4.96,1/17/2022,1,Betty,Dive,bdiveh2@twitter.com,201,5/6/2022,8
616,Lemon Cake,10.88,4/25/2022,5,Carmelina,Rembrant,crembranth3@weather.com,65,6/4/2021,1
617,French Bread,13.1,1/20/2022,5,Hersh,Gonsalvez,hgonsalvezh4@blogs.com,276,5/28/2021,3
618,Italian Bread,5.54,6/27/2021,6,Lani,Dodswell,ldodswellh5@51.la,389,6/6/2021,3
619,Butter Croissants,13.88,5/19/2021,10,Nadia,Zottoli,nzottolih6@cdc.gov,288,5/6/2022,9
620,Chocolate Croissants,3.31,1/28/2022,3,Myranda,Hebble,mhebbleh7@odnoklassniki.ru,44,7/19/2021,4
621,Vanilla Pastry,2.81,2/13/2022,10,Valaria,McLewd,vmclewdh8@unicef.org,216,10/19/2021,7
622,Chocolate Pastry,14.26,9/30/2021,9,Banky,Verrier,bverrierh9@fda.gov,315,7/14/2021,1
623,Tiramisu Pastry,7.75,8/16/2021,10,Muire,Donoghue,mdonoghueha@statcounter.com,37,2/12/2022,6
624,Strawberry Shortcake,10.37,5/9/2021,2,Cosetta,Holt,cholthb@cyberchimps.com,170,12/22/2021,8
625,Black Forest Cake,13.49,7/30/2021,7,Emma,Nannetti,enannettihc@home.pl,71,5/30/2021,4
626,Chocolate Mocha Cake,1.85,3/3/2022,10,Elisa,Hoyes,ehoyeshd@livejournal.com,129,4/15/2022,9
627,Lemon Cake,5.04,3/22/2022,4,Tate,Thomesson,tthomessonhe@angelfire.com,392,1/3/2022,9
628,French Bread,12.72,2/5/2022,10,Federico,O'Neill,foneillhf@wikia.com,76,9/22/2021,10
629,Italian Bread,12.23,3/25/2022,1,Hart,Vankin,hvankinhg@ed.gov,13,3/12/2022,6
630,Butter Croissants,12.23,5/4/2021,7,Audie,Cleft,aclefthh@diigo.com,251,6/16/2021,7
631,Chocolate Croissants,2.14,5/17/2021,5,Minetta,Bonus,mbonushi@hostgator.com,181,11/3/2021,10
632,Vanilla Pastry,3.66,6/2/2021,10,Kyla,Cardwell,kcardwellhj@engadget.com,321,9/14/2021,8
633,Chocolate Pastry,14.46,2/9/2022,5,Gael,Holyard,gholyardhk@usatoday.com,273,12/18/2021,2
634,Tiramisu Pastry,8.42,5/22/2021,10,Ardath,Licquorish,alicquorishhl@answers.com,202,11/12/2021,9
635,Strawberry Shortcake,6.91,10/15/2021,5,Noni,Kirby,nkirbyhm@sohu.com,223,6/3/2021,9
636,Black Forest Cake,12.54,8/8/2021,3,Merilyn,Grimditch,mgrimditchhn@odnoklassniki.ru,274,5/28/2021,3
637,Chocolate Mocha Cake,9.72,9/11/2021,5,Florian,Perrie,fperrieho@canalblog.com,57,4/5/2022,3
638,Lemon Cake,12,2/19/2022,10,Adriana,McWhan,amcwhanhp@wired.com,155,10/3/2021,10
639,French Bread,5.62,3/1/2022,9,Edmund,Castro,ecastrohq@economist.com,437,5/1/2022,10
640,Italian Bread,5.28,5/7/2021,7,Quinlan,Horsted,qhorstedhr@indiegogo.com,296,12/10/2021,7
641,Butter Croissants,13.23,7/12/2021,5,Christal,Thamelt,cthamelths@infoseek.co.jp,489,2/1/2022,6
642,Chocolate Croissants,6.22,10/18/2021,5,Darda,Gemnett,dgemnettht@psu.edu,217,1/15/2022,8
643,Vanilla Pastry,12.54,1/14/2022,2,Jacky,Cabedo,jcabedohu@jimdo.com,478,1/21/2022,1
644,Chocolate Pastry,2.66,5/7/2022,5,Maegan,Bahl,mbahlhv@hibu.com,479,9/16/2021,5
645,Tiramisu Pastry,11.47,7/2/2021,7,Thadeus,Swindle,tswindlehw@mapy.cz,342,12/15/2021,1
646,Strawberry Shortcake,5.82,3/1/2022,6,Dolly,Coniam,dconiamhx@skype.com,127,1/6/2022,2
647,Black Forest Cake,12.28,11/28/2021,1,Marjory,Hurlestone,mhurlestonehy@youtu.be,487,3/29/2022,2
648,Chocolate Mocha Cake,3.76,3/5/2022,8,Arnuad,Baggett,abaggetthz@archive.org,280,3/2/2022,10
649,Lemon Cake,13.2,12/24/2021,1,Karyn,Herety,kheretyi0@time.com,324,2/2/2022,1
650,French Bread,12.68,3/8/2022,1,Minetta,Glasbey,mglasbeyi1@shop-pro.jp,223,12/8/2021,7
651,Italian Bread,2.37,2/13/2022,10,Stearn,McAline,smcalinei2@amazon.de,483,11/5/2021,1
652,Butter Croissants,7.17,12/1/2021,6,Evelin,Hendrix,ehendrixi3@flavors.me,120,5/3/2021,7
653,Chocolate Croissants,9.54,8/12/2021,3,Vito,Banisch,vbanischi4@theglobeandmail.com,495,9/16/2021,6
654,Vanilla Pastry,11.55,9/16/2021,1,Irwinn,Chugg,ichuggi5@tmall.com,254,5/22/2021,9
655,Chocolate Pastry,7.38,10/30/2021,2,Clayson,Harborow,charborowi6@etsy.com,272,6/10/2021,2
656,Tiramisu Pastry,1.56,3/22/2022,4,Natala,Askin,naskini7@intel.com,401,10/29/2021,6
657,Strawberry Shortcake,3.01,12/8/2021,6,Angie,Hinrich,ahinrichi8@java.com,160,2/5/2022,9
658,Black Forest Cake,5.05,3/13/2022,6,Lucita,Catherick,lcathericki9@twitpic.com,291,8/12/2021,7
659,Chocolate Mocha Cake,12.47,4/20/2022,1,Jereme,Point,jpointia@indiegogo.com,280,4/23/2022,9
660,Lemon Cake,14.74,1/16/2022,1,Even,Ide,eideib@salon.com,414,2/16/2022,5
661,French Bread,5.11,11/2/2021,2,Willetta,Tremathack,wtremathackic@loc.gov,67,3/6/2022,8
662,Italian Bread,13.28,12/2/2021,2,Ellwood,Fellgatt,efellgattid@desdev.cn,264,5/6/2022,5
663,Butter Croissants,3.25,8/16/2021,4,Salem,Byass,sbyassie@blogger.com,45,7/4/2021,4
664,Chocolate Croissants,11.92,5/17/2021,7,Ogdan,Querrard,oquerrardif@zimbio.com,360,10/21/2021,8
665,Vanilla Pastry,12.36,1/27/2022,6,Nance,Cordeux,ncordeuxig@joomla.org,150,11/20/2021,8
666,Chocolate Pastry,9.25,10/4/2021,2,Marshal,Joincey,mjoinceyih@npr.org,162,12/3/2021,3
667,Tiramisu Pastry,1.83,6/10/2021,8,Del,Autin,dautinii@unesco.org,176,6/16/2021,4
668,Strawberry Shortcake,5.21,11/24/2021,5,Tisha,Rois,troisij@about.com,369,11/23/2021,9
669,Black Forest Cake,10.56,5/3/2022,10,Fannie,Le Brum,flebrumik@usnews.com,314,7/5/2021,7
670,Chocolate Mocha Cake,10.57,4/6/2022,5,Lucilia,Di Biaggi,ldibiaggiil@printfriendly.com,230,9/23/2021,10
671,Lemon Cake,13.81,12/6/2021,10,Ramsay,Domenicone,rdomeniconeim@desdev.cn,321,7/16/2021,4
672,French Bread,5.53,12/3/2021,10,Cathe,Luis,cluisin@1688.com,254,4/6/2022,6
673,Italian Bread,12.08,7/29/2021,4,Shelton,Loughnan,sloughnanio@lycos.com,317,3/11/2022,8
674,Butter Croissants,5.58,8/3/2021,4,Conan,Kigelman,ckigelmanip@wiley.com,15,9/21/2021,10
675,Chocolate Croissants,13.12,2/16/2022,2,Ab,McKitterick,amckitterickiq@omniture.com,476,3/19/2022,7
676,Vanilla Pastry,2.64,6/13/2021,2,Gael,Aguirrezabala,gaguirrezabalair@ihg.com,57,5/24/2021,1
677,Chocolate Pastry,8.78,1/7/2022,2,Robers,Sambath,rsambathis@reuters.com,341,2/14/2022,1
678,Tiramisu Pastry,9.97,8/10/2021,3,Rodi,Goshawke,rgoshawkeit@a8.net,71,2/27/2022,6
679,Strawberry Shortcake,12.2,7/9/2021,6,Marchelle,Beauchop,mbeauchopiu@cnbc.com,312,3/26/2022,7
680,Black Forest Cake,5.25,4/5/2022,3,Angelique,Rucklesse,arucklesseiv@shinystat.com,130,3/10/2022,1
681,Chocolate Mocha Cake,2.61,2/15/2022,7,Ursula,Gaddes,ugaddesiw@soup.io,112,12/15/2021,7
682,Lemon Cake,12.82,11/6/2021,7,Nady,Yuill,nyuillix@unc.edu,441,8/29/2021,2
683,French Bread,5.74,2/25/2022,10,Allie,Short,ashortiy@army.mil,262,9/19/2021,1
684,Italian Bread,12.56,3/3/2022,7,Sella,Pharo,spharoiz@cnet.com,433,5/8/2022,3
685,Butter Croissants,14.55,7/25/2021,1,Oliy,Killingbeck,okillingbeckj0@independent.co.uk,22,2/17/2022,4
686,Chocolate Croissants,10.85,10/30/2021,7,Lois,Beckett,lbeckettj1@tinyurl.com,485,6/10/2021,10
687,Vanilla Pastry,4.37,12/26/2021,10,Flss,Mearns,fmearnsj2@stumbleupon.com,17,12/30/2021,6
688,Chocolate Pastry,9.41,12/10/2021,3,Christy,Riditch,criditchj3@theglobeandmail.com,173,4/20/2022,9
689,Tiramisu Pastry,10.59,3/27/2022,4,Katherine,Dehmel,kdehmelj4@gnu.org,467,7/23/2021,2
690,Strawberry Shortcake,2.91,11/26/2021,7,Tammy,Cowpland,tcowplandj5@netscape.com,173,10/10/2021,5
691,Black Forest Cake,8.48,8/15/2021,8,Neville,Stickler,nsticklerj6@time.com,365,8/25/2021,9
692,Chocolate Mocha Cake,13.43,12/12/2021,2,Colin,Huzzay,chuzzayj7@reference.com,111,1/9/2022,9
693,Lemon Cake,11.38,3/18/2022,9,Anastassia,Feltham,afelthamj8@indiegogo.com,404,3/6/2022,4
694,French Bread,6.64,2/24/2022,6,Ladonna,Finders,lfindersj9@i2i.jp,399,10/21/2021,6
695,Italian Bread,14.86,5/13/2021,4,Werner,Boulter,wboulterja@dyndns.org,410,10/20/2021,4
696,Butter Croissants,11.05,7/3/2021,3,Stella,Dudeney,sdudeneyjb@plala.or.jp,3,4/20/2022,4
697,Chocolate Croissants,12.85,5/15/2021,5,Billy,McCrillis,bmccrillisjc@github.com,163,12/10/2021,1
698,Vanilla Pastry,7.47,3/29/2022,8,Yalonda,Domenichini,ydomenichinijd@si.edu,258,2/13/2022,8
699,Chocolate Pastry,8.76,11/9/2021,9,Hamlen,Shilito,hshilitoje@bloglines.com,70,8/26/2021,3
700,Tiramisu Pastry,6.98,3/13/2022,10,Dahlia,Lamond,dlamondjf@addthis.com,181,10/10/2021,7
701,Strawberry Shortcake,11.45,5/8/2022,1,Prent,Edmenson,pedmensonjg@dyndns.org,109,5/28/2021,4
702,Black Forest Cake,13.53,4/3/2022,10,Mercie,Middis,mmiddisjh@webmd.com,91,5/5/2022,9
703,Chocolate Mocha Cake,2.08,8/1/2021,1,Robinett,Tincknell,rtincknellji@ovh.net,391,6/19/2021,4
704,Lemon Cake,7.43,6/9/2021,3,Sonja,Farre,sfarrejj@example.com,233,5/1/2022,6
705,French Bread,8.42,11/25/2021,7,Elita,Plane,eplanejk@indiatimes.com,72,12/17/2021,10
706,Italian Bread,14.68,10/26/2021,5,Laina,Pearch,lpearchjl@cdc.gov,20,1/11/2022,10
707,Butter Croissants,4.18,2/22/2022,8,Marcile,Longson,mlongsonjm@mashable.com,160,3/7/2022,8
708,Chocolate Croissants,11.57,5/23/2021,10,Lambert,Sankey,lsankeyjn@earthlink.net,253,1/1/2022,5
709,Vanilla Pastry,14.92,11/8/2021,2,Palmer,Twentyman,ptwentymanjo@nba.com,234,5/27/2021,2
710,Chocolate Pastry,6.34,4/21/2022,5,Currie,Schlagh,cschlaghjp@mlb.com,360,1/4/2022,8
711,Tiramisu Pastry,4.36,4/22/2022,7,Gregorius,Letessier,gletessierjq@smugmug.com,142,10/19/2021,4
712,Strawberry Shortcake,8.82,10/20/2021,5,Tamqrah,Allabush,tallabushjr@example.com,442,6/19/2021,4
713,Black Forest Cake,7.52,3/27/2022,7,Ruth,Van Der Vlies,rvandervliesjs@vinaora.com,65,8/8/2021,7
714,Chocolate Mocha Cake,5.03,1/23/2022,7,Berny,Blackall,bblackalljt@opensource.org,199,3/21/2022,8
715,Lemon Cake,14.78,9/30/2021,3,Manfred,Bloyes,mbloyesju@slate.com,101,2/10/2022,2
716,French Bread,12.07,10/18/2021,10,Harwell,Stenett,hstenettjv@google.de,68,5/31/2021,3
717,Italian Bread,6.88,4/11/2022,6,Odetta,McGaw,omcgawjw@quantcast.com,193,1/6/2022,5
718,Butter Croissants,1.83,6/21/2021,8,Marlow,Chatelet,mchateletjx@npr.org,321,1/20/2022,9
719,Chocolate Croissants,7.21,9/23/2021,7,Miquela,Forsbey,mforsbeyjy@wikia.com,51,7/26/2021,6
720,Vanilla Pastry,1.35,8/26/2021,5,Gaven,Elnaugh,gelnaughjz@comcast.net,49,6/14/2021,3
721,Chocolate Pastry,1.45,10/18/2021,7,Keen,Salasar,ksalasark0@cbc.ca,75,8/25/2021,7
722,Tiramisu Pastry,10.49,12/19/2021,2,Jayson,Noe,jnoek1@army.mil,435,1/9/2022,2
723,Strawberry Shortcake,10.8,7/17/2021,3,Hyacinth,Kenealy,hkenealyk2@gizmodo.com,126,12/2/2021,8
724,Black Forest Cake,8.34,1/20/2022,3,Hillard,Jerke,hjerkek3@domainmarket.com,498,6/11/2021,9
725,Chocolate Mocha Cake,13.79,8/15/2021,6,Myrilla,Stonehouse,mstonehousek4@buzzfeed.com,76,5/13/2021,8
726,Lemon Cake,2.05,1/7/2022,10,Maureen,Glacken,mglackenk5@google.it,371,7/22/2021,3
727,French Bread,10,5/9/2022,9,Herschel,Keeler,hkeelerk6@amazon.de,401,7/27/2021,4
728,Italian Bread,7.56,10/6/2021,7,Lavena,Colqueran,lcolquerank7@twitter.com,407,11/7/2021,1
729,Butter Croissants,4.02,6/2/2021,6,Christy,Bogges,cboggesk8@miibeian.gov.cn,195,7/5/2021,9
730,Chocolate Croissants,13.83,5/22/2021,5,Barbey,Shay,bshayk9@bbc.co.uk,131,10/24/2021,3
731,Vanilla Pastry,8.57,10/1/2021,7,Haskel,Kendle,hkendleka@ca.gov,245,3/13/2022,10
732,Chocolate Pastry,12.75,6/3/2021,4,Chet,Kalisch,ckalischkb@usda.gov,266,10/8/2021,4
733,Tiramisu Pastry,1.65,11/25/2021,7,Kerstin,Danilov,kdanilovkc@hatena.ne.jp,159,10/16/2021,7
734,Strawberry Shortcake,2.74,4/9/2022,7,Kirstyn,Pillifant,kpillifantkd@auda.org.au,23,5/18/2021,4
735,Black Forest Cake,8.94,9/20/2021,10,Kaine,Fearnley,kfearnleyke@miibeian.gov.cn,418,3/12/2022,10
736,Chocolate Mocha Cake,8.39,2/18/2022,5,Dyanne,Belone,dbelonekf@opensource.org,483,12/31/2021,9
737,Lemon Cake,2.58,5/8/2021,6,Christan,Laurent,claurentkg@amazon.co.uk,385,10/13/2021,5
738,French Bread,6.22,10/10/2021,1,Wendell,Luparto,wlupartokh@livejournal.com,349,6/25/2021,2
739,Italian Bread,11.38,11/22/2021,5,Sherry,Andrzejak,sandrzejakki@boston.com,347,5/13/2021,1
740,Butter Croissants,6.55,1/10/2022,2,Salaidh,Maith,smaithkj@merriam-webster.com,265,10/25/2021,9
741,Chocolate Croissants,6.32,4/18/2022,1,Desmond,Scothern,dscothernkk@twitpic.com,377,2/11/2022,8
742,Vanilla Pastry,12.31,5/26/2021,3,Jarred,Logue,jloguekl@mit.edu,136,11/14/2021,1
743,Chocolate Pastry,1.06,4/27/2022,1,Maxie,Revance,mrevancekm@live.com,423,9/2/2021,8
744,Tiramisu Pastry,13.25,2/23/2022,6,Vanya,MacVean,vmacveankn@elpais.com,94,2/15/2022,2
745,Strawberry Shortcake,13.79,4/5/2022,3,Heidi,Finder,hfinderko@xing.com,248,2/13/2022,4
746,Black Forest Cake,3.81,9/24/2021,7,Charley,Crystal,ccrystalkp@shareasale.com,212,6/15/2021,8
747,Chocolate Mocha Cake,4.6,3/16/2022,9,Maurizia,Donnel,mdonnelkq@posterous.com,438,6/15/2021,8
748,Lemon Cake,12.57,6/11/2021,9,Papagena,Leverentz,pleverentzkr@nhs.uk,354,10/30/2021,1
749,French Bread,1.07,6/16/2021,9,Yulma,Adderley,yadderleyks@cnn.com,198,11/12/2021,7
750,Italian Bread,1.85,12/5/2021,6,Layne,Saterweyte,lsaterweytekt@shinystat.com,145,1/9/2022,10
751,Butter Croissants,3.97,4/1/2022,7,Daffie,Gain,dgainku@go.com,467,10/19/2021,9
752,Chocolate Croissants,9.41,7/29/2021,1,Marchelle,Ricardot,mricardotkv@cpanel.net,3,4/3/2022,8
753,Vanilla Pastry,6.36,11/5/2021,6,Berty,Bunker,bbunkerkw@dedecms.com,140,4/30/2022,1
754,Chocolate Pastry,6.43,2/26/2022,5,Mora,Basilone,mbasilonekx@statcounter.com,193,9/20/2021,2
755,Tiramisu Pastry,2.17,6/25/2021,2,Raleigh,Scamel,rscamelky@cmu.edu,494,9/19/2021,7
756,Strawberry Shortcake,11.79,3/17/2022,3,Moise,McCutheon,mmccutheonkz@desdev.cn,462,6/20/2021,10
757,Black Forest Cake,2.47,3/26/2022,10,Rania,Linacre,rlinacrel0@pinterest.com,158,11/15/2021,1
758,Chocolate Mocha Cake,4.55,4/26/2022,7,Kristien,Trenaman,ktrenamanl1@java.com,99,4/3/2022,8
759,Lemon Cake,12.4,11/9/2021,3,Orton,Bonavia,obonavial2@constantcontact.com,171,1/22/2022,6
760,French Bread,13.97,6/23/2021,10,Miner,Grzesiak,mgrzesiakl3@engadget.com,171,2/27/2022,10
761,Italian Bread,8.39,5/9/2021,7,Natty,Cator,ncatorl4@shareasale.com,262,8/13/2021,7
762,Butter Croissants,8.28,5/30/2021,3,Silva,Ockland,socklandl5@google.fr,89,6/29/2021,4
763,Chocolate Croissants,9.27,9/6/2021,2,Gay,Livesey,gliveseyl6@umn.edu,269,7/28/2021,5
764,Vanilla Pastry,7.68,2/23/2022,3,Jinny,Readie,jreadiel7@nih.gov,242,12/1/2021,8
765,Chocolate Pastry,10.41,6/14/2021,10,Dino,Bierton,dbiertonl8@un.org,393,4/11/2022,3
766,Tiramisu Pastry,14.81,4/21/2022,6,Rosina,Berndt,rberndtl9@ucoz.com,237,8/3/2021,2
767,Strawberry Shortcake,5.34,3/7/2022,10,Tim,Stanbrooke,tstanbrookela@discovery.com,211,3/17/2022,7
768,Black Forest Cake,9.04,5/26/2021,5,Ethan,Roycroft,eroycroftlb@blogs.com,307,7/3/2021,10
769,Chocolate Mocha Cake,7.89,5/6/2022,1,Cass,Madgewick,cmadgewicklc@usnews.com,49,10/13/2021,6
770,Lemon Cake,4.43,3/5/2022,2,Tuesday,Pacey,tpaceyld@naver.com,43,11/10/2021,3
771,French Bread,4.86,4/16/2022,3,Gerrie,Trahar,gtraharle@flickr.com,229,10/15/2021,4
772,Italian Bread,9.65,8/7/2021,2,Sylvia,Gilbert,sgilbertlf@printfriendly.com,55,11/16/2021,1
773,Butter Croissants,12.74,2/20/2022,3,Jerad,Melmore,jmelmorelg@squidoo.com,361,11/29/2021,1
774,Chocolate Croissants,14.59,12/5/2021,6,Chloe,Gwilliam,cgwilliamlh@boston.com,108,1/29/2022,10
775,Vanilla Pastry,11.7,6/17/2021,5,Hailey,McLevie,hmclevieli@weebly.com,286,1/26/2022,1
776,Chocolate Pastry,4.2,3/20/2022,7,Sigvard,Safhill,ssafhilllj@pagesperso-orange.fr,413,11/18/2021,4
777,Tiramisu Pastry,10.67,11/28/2021,7,Pammy,Gynne,pgynnelk@eepurl.com,224,8/8/2021,10
778,Strawberry Shortcake,11.73,3/11/2022,8,Matias,Pally,mpallyll@illinois.edu,326,12/16/2021,4
779,Black Forest Cake,1.97,5/11/2022,1,Sherrie,Leet,sleetlm@youtu.be,50,8/16/2021,5
780,Chocolate Mocha Cake,11.72,9/29/2021,2,Willetta,Longfoot,wlongfootln@amazonaws.com,477,5/31/2021,7
781,Lemon Cake,5.41,8/1/2021,4,Colette,Yurkiewicz,cyurkiewiczlo@xing.com,194,5/30/2021,7
782,French Bread,4.55,1/28/2022,6,Leena,Caff,lcafflp@hexun.com,384,11/13/2021,5
783,Italian Bread,6.48,7/4/2021,4,Augustine,Measor,ameasorlq@hugedomains.com,213,3/8/2022,1
784,Butter Croissants,2.76,9/10/2021,8,Gerty,Spurritt,gspurrittlr@tiny.cc,254,9/18/2021,8
785,Chocolate Croissants,6.55,11/19/2021,7,Maressa,Ewing,mewingls@yale.edu,324,6/17/2021,4
786,Vanilla Pastry,5.69,5/13/2022,7,Marsh,Chorley,mchorleylt@shutterfly.com,116,12/15/2021,7
787,Chocolate Pastry,1.08,8/24/2021,4,Moina,Ortzen,mortzenlu@hibu.com,105,8/8/2021,10
788,Tiramisu Pastry,1.48,1/30/2022,5,Hinze,Kidner,hkidnerlv@51.la,387,4/12/2022,7
789,Strawberry Shortcake,11.48,10/22/2021,2,Shoshana,Klimentyev,sklimentyevlw@google.ru,269,9/16/2021,5
790,Black Forest Cake,4.34,9/12/2021,2,Bronny,Jurn,bjurnlx@discovery.com,174,10/13/2021,4
791,Chocolate Mocha Cake,3.95,7/25/2021,6,Courtenay,Ickovitz,cickovitzly@domainmarket.com,448,12/11/2021,7
792,Lemon Cake,7.21,10/7/2021,4,Crissie,Goozee,cgoozeelz@google.com.br,322,3/1/2022,3
793,French Bread,12.7,10/30/2021,8,Madelle,Craddy,mcraddym0@comsenz.com,116,1/10/2022,5
794,Italian Bread,1.67,6/17/2021,9,Del,Wycliff,dwycliffm1@youtu.be,100,5/16/2021,2
795,Butter Croissants,12.32,8/11/2021,8,Merry,Takkos,mtakkosm2@salon.com,127,6/24/2021,5
796,Chocolate Croissants,9.63,3/17/2022,10,Gilberta,Dring,gdringm3@nature.com,203,2/11/2022,9
797,Vanilla Pastry,5.54,7/19/2021,10,Kyle,Dacombe,kdacombem4@ted.com,193,9/17/2021,8
798,Chocolate Pastry,4.17,6/25/2021,10,Gail,Delyth,gdelythm5@booking.com,89,6/8/2021,7
799,Tiramisu Pastry,8.2,12/30/2021,3,Franny,Ernshaw,fernshawm6@squidoo.com,216,8/9/2021,9
800,Strawberry Shortcake,4.71,5/31/2021,8,Arel,Rains,arainsm7@yahoo.co.jp,51,11/28/2021,8
